School_Year,LEA_Name,School_Name,LEA_Code,School_Code,LEA_ID_NCES,School_Type_State,School_Type_NCES,Web_Site,Charter_Status,SY_Start_School_Opp_Status,School_Address_Mailing_2,School_City,ZIP_Code_Mailing,School_Address_Location_1,School_Address_Location_2,School_ZIP_Code_Location,PreK_3,Prek_4,Preschool,Kindergarten,Grade_1,Grade_2,Grade_3,Grade_4,Grade_5,Grade_6,Grade_7,Grade_8,Grade_9,Grade_10,Grade_11,Grade_12,Ungraded,No_Grade,Grade_Adult,MAR_MATCHADDRESS,MAR_XCOORD,MAR_YCOORD,MAR_LATITUDE,MAR_LONGITUDE,MAR_WARD,MAR_CENSUS_TRACT,MAR_ZIPCODE,MARID,MAR_SCORE,MAR_SOURCEOPERATION,MAR_IGNORE
2012-2013,William E. Doar Jr PCS,William E. Doar Jr PCS,153,210,1100053,Regular School,Regular School,http://www.wedjschool.us/,Yes,Open,NULL,Washington,20017,705 Edgewood St NE,NULL,20017,Y,Y,N,Y,Y,Y,Y,Y,Y,Y,Y,Y,N,N,N,N,N,N,N,705 EDGEWOOD STREET NE,400359.57000000,139530.04000000,38.92364480,-76.99585343,Ward 5,009204,20017,289576,100.00000000,DC Address,
2012-2013,Latin American Youth Center (LAYC) Career Academy,Latin American Youth Center Career Academy,172,104,1100059,Regular School,Regular School,www.laycca.org/,Yes,Open,NULL,Washington,20009,3047 15th St NW,NULL,20009,N,N,N,N,N,N,N,N,N,N,N,N,N,N,N,N,N,N,Y,3047 15TH STREET NW,396892.23000000,140071.02000000,38.92851269,-77.03584130,Ward 1,002802,20009,243343,100.00000000,DC Address,
2012-2013,District of Columbia Public Schools,Langley EC,1,370,1100030,Regular school,Regular School,www.dcps.dc.gov,No,Open,NULL,Washington,20002,101 T Street NE,NULL,20002,Y,Y,N,Y,Y,Y,Y,Y,Y,Y,Y,Y,N,N,N,N,N,N,N,101 T STREET NE,399489.48000000,138589.14000000,38.91516879,-77.00588662,Ward 5,008701,20002,285757,100.00000000,DC Address,
2012-2013,Maya Angelou PCS,Maya Angelou Evans Campus PCS,133,101,1100014,Alternative Education School,Alternative Education School,www.seeforever.org,Yes,Open,NULL,Washington,20019,5600 East Capitol Street NE,3rd Floor,20019,N,N,N,N,N,N,N,N,N,N,N,N,Y,Y,Y,Y,N,N,Y,5600 EAST CAPITOL STREET NE,406885.34000000,135830.53000000,38.89029144,-76.92063526,Ward 7,007808,20019,289793,100.00000000,DC Address,
2012-2013,Cesar Chavez PCS,Cesar Chavez Parkside MS PCS,109,102,1100005,Regular school,Regular School,www.chavezschools.org,Yes,Open,NULL,Washington,20019,3701 Hayes St  NE,NULL,20019,N,N,N,N,N,N,N,N,N,Y,Y,Y,N,N,N,N,N,N,N,3701 HAYES STREET NE,404418.20000000,137066.13000000,38.90143803,-76.94906511,Ward 7,009602,20019,304053,100.00000000,DC Address,
2012-2013,St. Coletta Special Education PCS,St. Coletta Special Education PCS,143,1047,1100064,Special education school,Special education school,www.stcoletta.org,Yes,Open,NULL,Washington,20003,1901 Independence Avenue SE,NULL,20003,Y,Y,Y,Y,Y,Y,Y,Y,Y,Y,Y,Y,Y,Y,Y,Y,Y,N,N,1901 INDEPENDENCE AVENUE SE,402023.67000000,135486.49000000,38.88721683,-76.97667492,Ward 7,006804,20003,302511,100.00000000,DC Address,
2012-2013,Community Academy PCS,Community Academy Amos I,113,105,1100007,Regular school,Regular School,www.capcs.org,Yes,Open,NULL,Washington,20011,1300 Allison St NW,NULL,20011,Y,Y,N,Y,Y,Y,Y,Y,Y,N,N,N,N,N,N,N,N,N,N,1300 ALLISON STREET NW,397352.45000000,141867.84000000,38.94470049,-77.03054061,Ward 4,002501,20011,255251,100.00000000,DC Address,
2012-2013,Community Academy PCS,Community Academy Butler Bilingual,113,106,1100007,Regular school,Regular School,www.capcs.org,Yes,Open,NULL,Washington,20005,5 Thomas Circle NW,NULL,20005,Y,Y,N,Y,Y,Y,Y,Y,Y,N,N,N,N,N,N,N,N,N,N,5 THOMAS CIRCLE NW,397172.36000000,137624.15000000,38.90647143,-77.03260054,Ward 2,005201,20005,243014,100.00000000,DC Address,
2012-2013,The Next Step PCS,The Next Step PCS- Adult,145,1061,1100017,Regular school,Regular School,www.nextsteppcs.org,Yes,Open,NULL,Washington,20009,3047 15th St NW,NULL,20009,N,N,N,N,N,N,N,N,N,N,N,N,Y,Y,Y,Y,N,N,Y,3047 15TH STREET NW,396892.23000000,140071.02000000,38.92851269,-77.03584130,Ward 1,002802,20009,243343,100.00000000,DC Address,
2012-2013,Community Academy PCS,Community Academy Online,113,108,1100007,Regular school,Regular School,www.k12.com/capcs,Yes,Open,NULL,Washington,20011,1351 Nicholson St NW,NULL,20011,N,N,N,Y,Y,Y,Y,Y,Y,Y,Y,Y,N,N,N,N,N,N,N,1351 NICHOLSON STREET NW,397261.57000000,143623.99000000,38.96052008,-77.03159596,Ward 4,002001,20011,257768,100.00000000,DC Address,
2012-2013,Achievement Preparatory Academy PCS,Achievement Preparatory Academy PCS,155,1100,1100072,Regular school,Regular School,www.aprepacademy.org,Yes,Open,2nd Floor,Washington,20032,908 Wahler Pl  SE,Second Floor,20032,N,N,N,N,N,N,N,Y,Y,Y,Y,Y,N,N,N,N,N,N,N,908 WAHLER PLACE SE,400671.25000000,129615.24000000,38.83432822,-76.99226882,Ward 8,009801,20032,294502,100.00000000,DC Address,
2012-2013,Capital City PCS,Capital City High School PCS,108,1101,1100035,Regular school,Regular School,www.ccpcs.org,Yes,Open,NULL,Washington,20011,100 Peabody St NW,NULL,20011,N,N,N,N,N,N,N,N,N,N,N,N,Y,Y,Y,Y,N,N,N,100 PEABODY STREET NW,398884.80000000,143806.18000000,38.96216486,-77.01286745,Ward 4,001902,20011,277545,100.00000000,DC Address,
2012-2013,Center City PCS,Center City Brightwood Campus PCS,156,1103,1100073,Regular school,Regular School,www.centercitypcs.org,Yes,Open,NULL,Washington,20011,6008 Georgia Ave NW,NULL,20011,N,Y,N,Y,Y,Y,Y,Y,Y,Y,Y,Y,N,N,N,N,N,N,N,6008 GEORGIA AVENUE NW,397544.85000000,143920.50000000,38.96319196,-77.02832854,Ward 4,001804,20011,253198,100.00000000,DC Address,
2012-2013,Center City PCS,Center City Capitol Hill Campus PCS,156,1104,1100073,Regular school,Regular School,www.centercitypcs.org,Yes,Open,NULL,Washington,20003,1503 East Capitol St SE,NULL,20003,N,Y,N,Y,Y,Y,Y,Y,Y,Y,Y,Y,N,N,N,N,N,N,N,1503 EAST CAPITOL STREET SE,401448.44000000,135742.68000000,38.88952582,-76.98330456,Ward 6,006801,20003,295125,100.00000000,DC Address,
2012-2013,Center City PCS,Center City Congress Heights Campus PCS,156,1105,1100073,Regular school,Regular School,www.centercitypcs.org,Yes,Open,NULL,Washington,20032,220 Highview Pl SE,NULL,20032,N,Y,N,Y,Y,Y,Y,Y,Y,Y,Y,Y,N,N,N,N,N,N,N,220 HIGHVIEW PLACE SE,399614.14000000,130420.96000000,38.84158668,-77.00444463,Ward 8,010400,20032,303702,100.00000000,DC Address,
2012-2013,Center City PCS,Center City Petworth Campus PCS,156,1106,1100073,Regular school,Regular School,www.centercitypcs.org,Yes,Open,NULL,Washington,20011,510 Webster St NW,NULL,20011,N,Y,N,Y,Y,Y,Y,Y,Y,Y,Y,Y,N,N,N,N,N,N,N,510 WEBSTER STREET NW,398187.59000000,141775.54000000,38.94387114,-77.02090667,Ward 4,002400,20011,303332,100.00000000,DC Address,
2012-2013,Center City PCS,Center City Shaw Campus PCS,156,1107,1100073,Regular school,Regular School,www.centercitypcs.org,Yes,Open,NULL,Washington,20001,711 N Street NW,NULL,20001,N,Y,N,Y,Y,Y,Y,Y,Y,Y,Y,Y,N,N,N,N,N,N,N,711 N STREET NW,398034.11000000,137731.91000000,38.90744452,-77.02266552,Ward 6,004902,20001,290191,100.00000000,DC Address,
2012-2013,Center City PCS,Center City Trinidad Campus PCS,156,1108,1100073,Regular school,Regular School,www.centercitypcs.org,Yes,Open,NULL,Washington,20002,1217 W  Virginia Ave NE,NULL,20002,N,Y,N,Y,Y,Y,Y,Y,Y,Y,Y,Y,N,N,N,N,N,N,N,1217 WEST VIRGINIA AVENUE NE,400763.10000000,137493.55000000,38.90529915,-76.99120218,Ward 5,008802,20002,285938,100.00000000,DC Address,
2012-2013,Community Academy PCS,Community Academy Amos III Amstrong,113,1109,1100007,Regular school,Regular School,www.capcs.org,Yes,Open,NULL,Washington,20001,1400 1st St NW,NULL,20001,Y,Y,N,Y,Y,Y,Y,Y,Y,Y,Y,Y,N,N,N,N,N,N,N,1400 1ST STREET NW,398853.47000000,137913.33000000,38.90908026,-77.01321910,Ward 5,004600,20001,238253,100.00000000,DC Address,
2012-2013,D.C. Preparatory Academy PCS,D C  Preparatory Benning Campus PCS,115,1110,1100048,Regular school,Regular School,www.dcprep.org,Yes,Open,NULL,Washington,20019,100 41st St NE,NULL,20019,Y,Y,N,Y,Y,Y,Y,N,N,N,N,N,N,N,N,N,N,N,N,100 41ST STREET NE,404787.00000000,135910.06000000,38.89102180,-76.94482148,Ward 7,009603,20019,294468,100.00000000,DC Address,
2012-2013,Early Childhood Academy PCS,Early Childhood Academy PCS Walter Washington,118,1112,1100057,Regular school,Regular School,www.ecapcs.org,Yes,Open,NULL,Washington,20032,4301 9th St SE,NULL,20032,Y,Y,N,N,Y,Y,Y,N,N,N,N,N,N,N,N,N,N,N,N,4301 9TH STREET SE,400902.69000000,129245.01000000,38.83099281,-76.98960367,Ward 8,009700,20032,298086,100.00000000,DC Address,
2012-2013,Excel Academy PCS,Excel Academy PCS,158,1113,1100076,Regular school,Regular School,www.excelpcs.org,Yes,Open,NULL,Washington,20020,2501 Martin Luther King Jr Ave SE,NULL,20020,Y,Y,N,Y,Y,Y,Y,Y,N,N,N,N,N,N,N,N,N,N,N,2501 MARTIN LUTHER KING JR AVENUE SE,400403.19000000,132438.56000000,38.85976209,-76.99535457,Ward 8,007401,20020,278172,100.00000000,DC Address,
2012-2013,Howard Road Academy PCS,Howard Road Academy PCS Pennsylvania Ave,123,1114,1100029,Regular school,Regular School,www.HowardRoadAcademy.org,Yes,Open,NULL,Washington,20020,3000 Pennsylvania Av SE,NULL,20020,Y,Y,N,Y,N,N,N,N,N,N,N,N,N,N,N,N,N,N,N,3000 PENNSYLVANIA AVENUE SE,403140.27000000,133701.05000000,38.87112961,-76.96381301,Ward 7,009901,20020,42549,100.00000000,DC Address,
2012-2013,Imagine Southeast PCS,Imagine Southeast PCS,159,1116,1100074,Regular school,Regular School,www.imaginesoutheastpcs.org,Yes,Open,NULL,Washington,20032,3100 Martin Luther King Jr Ave SE,NULL,20032,Y,Y,N,Y,Y,Y,Y,Y,Y,Y,Y,N,N,N,N,N,N,N,N,3100 MARTIN LUTHER KING JR AVENUE SE,400161.23000000,130633.04000000,38.84349726,-76.99814278,Ward 8,010400,20032,301280,100.00000000,DC Address,
2012-2013,Washington Yu Ying PCS,Washington Yu Ying PCS,160,1117,1100077,Regular school,Regular School,www.washingtonyuying.org,Yes,Open,NULL,Washington,20017,220 Taylor Street NE,NULL,20017,Y,Y,N,Y,Y,Y,Y,Y,Y,N,N,N,N,N,N,N,N,N,N,220 TAYLOR STREET NE,399680.78000000,141482.69000000,38.94123488,-77.00368216,Ward 5,009501,20017,50738,100.00000000,DC Address,
2012-2013,Washington Latin PCS,Washington Latin PCS HS,151,1118,1100019,Regular school,Regular School,www.latinpcs.org,Yes,Open,NULL,Washington,20011,4715 16th Street NW,NULL,20011,N,N,N,N,N,N,N,N,N,N,N,N,Y,Y,Y,Y,N,N,N,4715 16TH STREET NW,396875.21000000,142239.02000000,38.94804261,-77.03604746,Ward 4,002501,20011,255699,100.00000000,DC Address,
2012-2013,Carlos Rosario International PCS,Carlos Rosario International PCS Harvard Street Campus,162,1119,1100004,Adult Education,Regular School,www.carlosrosario.org,Yes,Open,NULL,Washington,20009,1100 Harvard St NW,NULL,20009,N,N,N,N,N,N,N,N,N,N,N,N,N,N,N,N,N,N,Y,1100 HARVARD STREET NW,397610.44000000,139843.33000000,38.92646384,-77.02755753,Ward 1,003600,20009,300733,100.00000000,DC Address,
2012-2013,National Collegiate Preparatory PCS,National Collegiate Prep PCS,163,1120,1100079,Regular school,Regular School,www.nationalprepdc.org,Yes,Open,NULL,Washington,20032,4600 Livingston Rd SE,NULL,20032,N,N,N,N,N,N,N,N,N,N,N,N,Y,Y,Y,Y,N,N,N,4600 LIVINGSTON ROAD SE,399731.95000000,128458.05000000,38.82390393,-77.00308684,Ward 8,009810,20032,294600,100.00000000,DC Address,
2012-2013,KIPP DC PCS,KIPP DC Promise PCS,129,1121,1100031,Regular school,Regular School,www.kippdc.org,Yes,Open,NULL,Washington,20019,4801 Benning Rd SE,NULL,20019,N,N,N,N,Y,Y,Y,Y,N,N,N,N,N,N,N,N,N,N,N,4801 BENNING ROAD SE,405692.28000000,134978.83000000,38.88262754,-76.93439427,Ward 7,009907,20019,17421,100.00000000,DC Address,
2012-2013,KIPP DC PCS,KIPP DC Discover PCS,129,1122,1100031,Regular school,Regular School,www.kippdc.org,Yes,Open,NULL,Washington,20020,2600 Douglass Rd SE,NULL,20020,N,N,N,N,Y,Y,N,N,N,N,N,N,N,N,N,N,N,N,N,2601 DOUGLASS ROAD SE,401078.58000000,132172.13000000,38.85736141,-76.98757335,Ward 8,007406,20020,276167,100.00000000,DC Address,
2012-2013,KIPP DC PCS,KIPP DC College Prep PCS,129,1123,1100031,Regular school,Regular School,www.kippdc.org,Yes,Open,NULL,Washington,20020,2600 Douglass Rd SE,NULL,20020,N,N,N,N,Y,Y,N,N,N,N,N,N,N,N,N,N,N,N,N,2601 DOUGLASS ROAD SE,401078.58000000,132172.13000000,38.85736141,-76.98757335,Ward 8,007406,20020,276167,100.00000000,DC Address,
2012-2013,Friendship PCS,Friendship PCS Tech Prep,120,1124,1100008,Vocational Shared Time,Regular School,www.friendshipschools.org,Yes,Open,NULL,Washington,20032,1601 16th St SE,NULL,20032,N,N,N,N,N,N,N,N,N,Y,Y,Y,Y,Y,N,N,N,N,N,1601 16TH STREET SE,401468.56000000,133584.50000000,38.87008406,-76.98307725,Ward 8,007601,20020,155922,100.00000000,DC Address,
2012-2013,Eagle Academy PCS,Eagle Academy PCS New Jersey Avenue Campus,117,1125,1100049,Regular school,Regular School,www.eagleacademypcs.org,Yes,Open,NULL,Washington,20003,1017 New Jersey Ave SE,NULL,20003,Y,Y,N,Y,Y,Y,Y,N,N,N,N,N,N,N,N,N,N,N,N,1017 NEW JERSEY AVENUE SE,399558.98000000,134445.10000000,38.87783780,-77.00508258,Ward 6,007200,20003,276169,100.00000000,DC Address,
2012-2013,Howard Road Academy PCS,Howard Road Academy PCS  MLK Campus,123,1126,1100029,Regular school,Regular School,www.HowardRoadAcademy.org,Yes,Open,NULL,Washington,20020,2405 ML King Ave SE,NULL,20020,N,N,N,N,N,N,N,N,N,N,Y,Y,N,N,N,N,N,N,N,2405 MARTIN LUTHER KING JR AVENUE SE,400639.64000000,132770.45000000,38.86275176,-76.99262996,Ward 8,007401,20020,147816,100.00000000,DC Address,
2012-2013,KIPP DC PCS,KIPP DC GROW Academy PCS,129,1129,1100031,Regular school,Regular School,www.kippdc.org,Yes,Open,NULL,Washington,20001,421 P St NW,NULL,20001,Y,Y,N,Y,N,N,N,N,N,N,N,N,N,N,N,N,N,N,N,421 P STREET NW,398428.65000000,138002.89000000,38.90988639,-77.01811734,Ward 6,004801,20001,294487,100.00000000,DC Address,
2012-2013,Friendship PCS,Friendship PCS SouthEast Academy,120,113,1100008,Special Education school,Special education school,www.friendshipschools.org,Yes,Open,NULL,Washington,20032,645 Milwaukee Place SE,NULL,20032,Y,Y,N,Y,Y,Y,Y,Y,Y,N,N,N,N,N,N,N,N,N,N,645 MILWAUKEE PLACE SE,400259.75000000,131109.73000000,38.84779147,-76.99700774,Ward 8,010400,20032,1655,100.00000000,DC Address,
2012-2013,Carlos Rosario International PCS,Carlos Rosario International PCS S Street Campus,162,1134,1100004,Adult Education,Regular School,www.carlosrosario.org,Yes,Open,NULL,Washington,20009,1501 Columbia Rd NW,NULL,20009,N,N,N,N,N,N,N,N,N,N,N,N,N,N,N,N,N,N,Y,1501 COLUMBIA ROAD NW,396874.22000000,139902.78000000,38.92699707,-77.03604824,Ward 1,002802,20009,297688,100.00000000,DC Address,
2012-2013,AppleTree Early Learning Center PCS,AppleTree Early Learning Center PCS Oklahoma,103,1137,1100054,Regular school,Regular School,www.appletreeinstitute.org,Yes,Open,NULL,Washington,20002,320 21st Street NE,NULL,20002,Y,Y,N,N,N,N,N,N,N,N,N,N,N,N,N,N,N,N,N,320 21ST STREET NE,402129.08000000,136264.62000000,38.89422626,-76.97545754,Ward 7,007903,20002,287504,100.00000000,DC Address,
2012-2013,E.L. Haynes PCS,E.L. Haynes Kansas Avenue - High School,116,1138,1100043,Regular School,Regular School,www.elhaynes.org,Yes,Open,NULL,Washington,20010,4501 Kansas Ave NW,NULL,20010,Y,Y,N,Y,Y,Y,Y,N,N,N,N,N,Y,Y,N,N,N,N,N,4501 KANSAS AVENUE NW,398056.76000000,141967.70000000,38.94560189,-77.02241638,Ward 4,002400,20011,284930,100.00000000,DC Address,
2012-2013,Hope Community Academy PCS,Hope Community PCS Tolson Campus,121,114,1100051,Regular school,Regular School,www.hopecommunitycs.org,Yes,Open,NULL,Washington,20017,2917 8th St NE,NULL,20017,Y,Y,N,Y,Y,Y,Y,Y,Y,Y,Y,Y,N,N,N,N,N,N,N,2917 8TH STREET NE,400466.83000000,139897.04000000,38.92695080,-76.99461626,Ward 5,009201,20017,43392,100.00000000,DC Address,
2012-2013,Howard University Middle School of Math and Science,Howard University Middle School of Math and Science PCS,124,115,1100058,Regular school,Regular School,www.howard.edu/ms2,Yes,Open,NULL,Washington,20059,405 Howard Pl NW,NULL,20059,N,N,N,N,N,N,N,N,N,Y,Y,Y,N,N,N,N,N,N,N,405 HOWARD PLACE NW,398341.18000000,139441.04000000,38.92284156,-77.01912932,Ward 1,003400,20059,291490,100.00000000,DC Address,
2012-2013,KIPP DC PCS,KIPP DC AIM PCS Academy PCS,129,116,1100031,Regular school,Regular School,www.kippdc.org,Yes,Open,NULL,Washington,20020,2600 Douglass Rd SE,NULL,20020,N,N,N,N,Y,Y,N,N,N,N,N,N,N,N,N,N,N,N,N,2601 DOUGLASS ROAD SE,401078.58000000,132172.13000000,38.85736141,-76.98757335,Ward 8,007406,20020,276167,100.00000000,DC Address,
2012-2013,Potomac Lighthouse PCS,Potomac Lighthouse PCS,139,117,1100060,Regular school,Regular School,www.lighthouse-academies.org,Yes,Open,NULL,Washington,20017,4401 8th Street NE,NULL,20017,Y,Y,N,Y,Y,Y,Y,Y,Y,Y,Y,N,N,N,N,N,N,N,N,4401 8TH STREET NE,400474.03000000,141675.39000000,38.94297070,-76.99453200,Ward 5,009504,20017,22543,100.00000000,DC Address,
2012-2013,KIPP DC PCS,KIPP DC WILL Academy PCS,129,121,1100031,Regular school,Regular School,www.kippdc.org,Yes,Open,NULL,Washington,20001,421 P St NW,NULL,20001,N,N,N,N,N,N,N,Y,Y,Y,Y,Y,N,N,N,N,N,N,N,421 P STREET NW,398428.65000000,138002.89000000,38.90988639,-77.01811734,Ward 6,004801,20001,294487,100.00000000,DC Address,
2012-2013,Septima Clark PCS,Septima Clark PCS,161,123,1100066,Regular school,Regular School,www.buildingexcelentschools.org,Yes,Open,NULL,Washington,20020,2501 Martin Luther King Jr Avenue SE,NULL,20020,Y,Y,N,Y,Y,Y,Y,Y,Y,Y,Y,Y,N,N,N,N,N,N,N,2501 MARTIN LUTHER KING JR AVENUE SE,400403.19000000,132438.56000000,38.85976209,-76.99535457,Ward 8,007401,20020,278172,100.00000000,DC Address,
2012-2013,Washington Latin PCS,Washington Latin PCS MS,151,125,1100019,Regular school,Regular School,www.latinpcs.org,Yes,Open,NULL,Washington,20011,4115 16th St NW,NULL,20011,N,N,N,N,N,N,N,N,Y,Y,Y,Y,N,N,N,N,N,N,N,4115 16TH STREET NW,396874.30000000,141487.48000000,38.94127252,-77.03605453,Ward 4,002502,20011,259140,100.00000000,DC Address,
2012-2013,Briya Public Charter School,Briya Public Charter School,119,126,1100016,Regular school,Regular School,http://briya.org/,Yes,Open,NULL,Washington,20009,2333 Ontario Rd NW,NULL,20009,Y,Y,N,N,N,N,N,N,N,N,N,N,N,N,N,N,N,N,Y,2333 ONTARIO ROAD NW,396548.08000000,139234.16000000,38.92097271,-77.03980610,Ward 1,003800,20009,284370,100.00000000,DC Address,
2012-2013,Cesar Chavez PCS,Cesar Chavez PCS Chavez Prep,109,127,1100005,Regular school,Regular School,www.chavezschools.org,Yes,Open,NULL,Washington,20010,770 Kenyon St NW,NULL,20010,N,N,N,N,N,N,N,N,N,Y,Y,Y,Y,N,N,N,N,N,N,770 KENYON STREET NW,397756.37000000,140192.11000000,38.92960614,-77.02587574,Ward 1,003100,20010,285409,100.00000000,DC Address,
2012-2013,Youthbuild PCS,Youthbuild PCS,131,128,1100059,Alternative Education School,Alternative Education School,www.youthbuildpcs.org,Yes,Open,NULL,Washington,20009,3014 14th St NW,NULL,20009,N,N,N,N,N,N,N,N,N,N,N,N,N,N,N,N,Y,N,Y,3014 14TH STREET NW,397159.96000000,139985.56000000,38.92774375,-77.03275327,Ward 1,002802,20009,302258,100.00000000,DC Address,
2012-2013,D.C. Preparatory Academy PCS,D C  Preparatory Edgewood Elementary Campus PCS,115,130,1100048,Regular school,Regular School,www.dcprep.org,Yes,Open,NULL,Washington,20017,707 Edgewood St NE,NULL,20017,Y,Y,N,Y,Y,Y,Y,N,N,N,N,N,N,N,N,N,N,N,N,707 EDGEWOOD STREET NE,400369.83000000,139600.22000000,38.92427699,-76.99573508,Ward 5,009204,20017,289577,100.00000000,DC Address,
2012-2013,Hope Community Academy PCS,Hope Community PCS Lamond Campus,121,131,1100051,Regular school,Regular School,www.hopecommunitycs.org,Yes,Open,NULL,Washington,20011,6200 Kansas Avenue NE,NULL,20011,Y,Y,N,Y,Y,Y,Y,Y,Y,Y,N,N,N,N,N,N,N,N,N,6200 KANSAS AVENUE NE,399254.07000000,144200.69000000,38.96571909,-77.00860715,Ward 4,009505,20011,304055,100.00000000,DC Address,
2012-2013,KIPP DC PCS,KIPP DC LEAP Academy PCS,129,132,1100031,Regular school,Regular School,www.kippdc.org,Yes,Open,NULL,Washington,20019,4801 Benning Rd SE,NULL,20019,Y,Y,N,Y,N,N,N,N,N,N,N,N,N,N,N,N,N,N,N,4801 BENNING ROAD SE,405692.28000000,134978.83000000,38.88262754,-76.93439427,Ward 7,009907,20019,17421,100.00000000,DC Address,
2012-2013,Maya Angelou PCS,Maya Angelou Middle Campus PCS,133,133,1100014,Regular school,Regular School,www.seeforever.org,Yes,Open,NULL,Washington,20019,5600 East Capitol Street NE,1st Floor,20019,N,N,N,N,N,N,N,N,N,Y,Y,Y,N,N,N,N,N,N,N,5600 EAST CAPITOL STREET NE,406885.34000000,135830.53000000,38.89029144,-76.92063526,Ward 7,007808,20019,289793,100.00000000,DC Address,
2012-2013,Ideal Academy PCS,Ideal Academy PCS North Capitol Street Campus ES,127,134,1100012,Regular school,Regular School,www.iapcs.com,Yes,Open,NULL,Washington,20011,6130 N Capitol St NW,NULL,20011,Y,Y,N,Y,Y,Y,Y,Y,Y,Y,Y,Y,N,N,N,N,N,N,N,6130 NORTH CAPITOL STREET NW,399139.13000000,144111.98000000,38.96491986,-77.00993332,Ward 4,001702,20011,285311,100.00000000,DC Address,
2012-2013,Mary McLeod Bethune  PCS,Mary McLeod Bethune Day Academy PCS Slowe Campus,132,135,1100044,Regular school,Regular School,www.mmbethunepcs.org,Yes,Open,NULL,Washington,20017,1404 Jackson Street NE,NULL,20017,Y,Y,N,Y,Y,Y,Y,Y,Y,Y,Y,Y,N,N,N,N,N,N,N,1404 JACKSON STREET NE,401138.94000000,140191.85000000,38.92960592,-76.98686463,Ward 5,009301,20017,294522,100.00000000,DC Address,
2012-2013,Early Childhood Academy PCS,Early Childhood Academy PCS Johenning Campus,118,138,1100057,Regular school,Regular School,www.ecapcs.org,Yes,Open,NULL,Washington,20032,4025 9th St SE,NULL,20032,Y,Y,N,Y,Y,Y,Y,N,N,N,N,N,N,N,N,N,N,N,N,4025 9TH STREET SE,400822.11000000,129329.27000000,38.83175194,-76.99053162,Ward 8,009700,20032,278471,100.00000000,DC Address,
2012-2013,AppleTree Early Learning Center PCS,AppleTree Early Learning Center PCS Amidon,103,139,1100054,Regular school,Regular School,www.appletreeinstitute.org,Yes,Open,NULL,Washington,20024,401 I Street SW,NULL,20024,Y,Y,N,N,N,N,N,N,N,N,N,N,N,N,N,N,N,N,N,401 I STREET SW,398427.29000000,134631.47000000,38.87951540,-77.01812530,Ward 6,010200,20024,294482,100.00000000,DC Address,
2012-2013,AppleTree Early Learning Center PCS,AppleTree Early Learning Center PCS Columbia Heights,103,140,1100054,Regular school,Regular School,www.appletreeinstitute.org,Yes,Open,NULL,Washington,20009,2750 14th Street NW,NULL,20009,Y,Y,N,N,N,N,N,N,N,N,N,N,N,N,N,N,N,N,N,2750 14TH STREET NW,397160.68000000,139708.07000000,38.92524403,-77.03274382,Ward 1,003700,20009,297626,100.00000000,DC Address,
2012-2013,AppleTree Early Learning Center PCS,AppleTree Early Learning Center PCS Riverside,103,141,1100054,Regular school,Regular School,www.appletreeinstitute.org,Yes,Open,NULL,Washington,20024,680 I Street SW,NULL,20024,Y,Y,N,N,N,N,N,N,N,N,N,N,N,N,N,N,N,N,N,680 I STREET SW,398098.08000000,134559.17000000,38.87886344,-77.02191921,Ward 6,010200,20024,276717,100.00000000,DC Address,
2012-2013,Bridges PCS,Bridges PCS,107,142,1100055,Regular school,Regular School,www.bridgespcs.org,Yes,Open,NULL,Washington,20011,1250 Taylor St NW,NULL,20011,Y,Y,N,Y,N,N,N,N,N,N,N,N,N,N,N,N,N,N,N,1250 TAYLOR STREET NW,397518.47000000,141401.50000000,38.94050005,-77.02862381,Ward 4,002502,20011,224852,100.00000000,DC Address,
2012-2013,E.L. Haynes PCS,E L  Haynes PCS Georgia Avenue,116,146,1100043,Regular school,Regular School,www.elhaynes.org,Yes,Open,NULL,Washington,20010,3600 Georgia Ave. NW,NULL,20010,N,N,N,N,N,N,N,Y,Y,Y,Y,Y,N,N,N,N,N,N,N,3600 GEORGIA AVENUE NW,397898.05000000,140715.53000000,38.93432162,-77.02424335,Ward 1,003100,20010,306085,100.00000000,DC Address,
2012-2013,Booker T. Washington PCS,Booker T  Washington PCS,106,151,1100003,Regular school,Regular School,www.btwschool.org,Yes,Open,NULL,Washington,20009,1346 Florida Av NW,NULL,20009,N,N,N,N,N,N,N,N,N,N,N,N,Y,Y,Y,Y,N,N,Y,1346 FLORIDA AVENUE NW,397295.64000000,139117.57000000,38.91992504,-77.03118509,Ward 1,004400,20009,240288,100.00000000,DC Address,
2012-2013,Cesar Chavez PCS,Cesar Chavez Capitol Hill PCS,109,153,1100005,Regular school,Regular School,www.chavezschools.org,Yes,Open,NULL,Washington,20003,709 12th St SE,NULL,20003,N,N,N,N,N,N,N,N,N,N,N,N,Y,Y,Y,Y,N,N,N,709 12TH STREET SE,400812.11000000,134762.27000000,38.88069473,-76.99064037,Ward 6,007100,20003,76726,100.00000000,DC Address,
2012-2013,Friendship PCS,Friendship PCS Chamberlain,120,155,1100008,Regular school,Regular School,www.friendshipschools.org,Yes,Open,NULL,Washington,20003,1345 Potomac Avenue SE,NULL,20003,Y,Y,N,Y,Y,Y,Y,Y,Y,Y,Y,Y,N,N,N,N,N,N,Y,1345 POTOMAC AVENUE SE,401145.15000000,134616.92000000,38.87938499,-76.98680230,Ward 6,007100,20003,66334,100.00000000,DC Address,
2012-2013,Friendship PCS,Friendship PCS Woodridge Campus,120,156,1100008,Regular school,Regular School,www.friendshipschools.org,Yes,Open,NULL,Washington,20018,2959 Carlton Avenue NE,NULL,20018,Y,Y,N,Y,Y,Y,Y,Y,Y,Y,Y,Y,N,N,N,N,N,N,N,2959 CARLTON AVENUE NE,402903.45000000,140185.72000000,38.92954664,-76.96651460,Ward 5,011100,20018,42808,100.00000000,DC Address,
2012-2013,Friendship PCS,Friendship PCS Blow Pierce,120,157,1100008,Regular school,Regular School,www.friendshipschools.org,Yes,Open,NULL,Washington,20002,725 19th St  NE,NULL,20002,Y,Y,N,Y,Y,Y,Y,Y,Y,Y,Y,Y,N,N,N,N,N,N,N,725 19TH STREET NE,402040.17000000,136663.58000000,38.89782045,-76.97648125,Ward 7,007903,20002,288919,100.00000000,DC Address,
2012-2013,Community Academy PCS,Community Academy Amos II,113,158,1100007,Regular school,Regular School,www.capcs.org,Yes,Open,NULL,Washington,20011,33 Riggs Rd NE,NULL,20011,Y,Y,N,Y,N,N,N,N,N,N,N,N,N,N,N,N,N,N,N,33 RIGGS ROAD NE,399424.65000000,143002.17000000,38.95492264,-77.00663786,Ward 5,009508,20011,155991,100.00000000,DC Address,
2012-2013,Elsie Whitlow Stokes Communtiy Freedom PCS,Elsie Whitlow Stokes Communtiy Freedom PCS,144,159,1100009,Regular school,Regular School,www.ewstokes.org,Yes,Open,NULL,Washington,20017,3700 Oakview Terrace NE,NULL,20017,Y,Y,N,Y,Y,Y,Y,Y,Y,Y,N,N,N,N,N,N,N,N,Y,3700 OAKVIEW TERRACE NE,400859.44000000,140789.48000000,38.93498987,-76.99008735,Ward 5,009504,20017,289754,100.00000000,DC Address,
2012-2013,Hospitality PCS,Hospitality PCS,122,160,1100010,Vocational Shared Time,Regular School,www.washingtonhospitality.org,Yes,Open,3rd Floor,Washington,20011,4301 13th Street NW,3rd Floor,20011,N,N,N,N,N,N,N,N,N,N,N,N,Y,Y,Y,Y,N,N,N,4301 13TH STREET NW,397468.88000000,141682.30000000,38.94302943,-77.02919685,Ward 4,002501,20011,252605,100.00000000,DC Address,
2012-2013,Perry Street Prep PCS,Perry Street Prep PCS,125,161,1100011,Regular school,Regular School,www.pspdc.org,Yes,Open,NULL,Washington,20018,1800 Perry Street NE,NULL,20018,Y,Y,Y,Y,Y,Y,Y,Y,Y,Y,Y,Y,Y,Y,Y,Y,N,N,N,1800 PERRY STREET NE,401855.75000000,140990.20000000,38.93679648,-76.97859551,Ward 5,009400,20018,294529,100.00000000,DC Address,
2012-2013,Integrated Design Electronics Academy (IDEA) PCS,Integrated Design Electronics Academy IDEA PCS,126,163,1100013,Vocational Shared Time,Regular School,www.ideapcs.org,Yes,Open,NULL,Washington,20019,1027 45th St NE,NULL,20019,N,N,N,N,N,N,N,N,N,N,Y,Y,Y,Y,Y,Y,N,N,N,1027 45TH STREET NE,405455.53000000,137412.11000000,38.90454891,-76.93710358,Ward 7,007806,20019,75296,100.00000000,DC Address,
2012-2013,Meridian PCS,Meridian PCS,135,165,1100015,Regular school,Regular School,https://mpcs.learningstation.com/school,Yes,Open,NULL,Washington,20009,2120 13th St NW,NULL,20009,Y,Y,N,Y,Y,Y,Y,Y,Y,Y,Y,Y,N,N,N,N,N,N,N,2120 13TH STREET NW,397402.40000000,138987.03000000,38.91874942,-77.02995351,Ward 1,004400,20009,310205,100.00000000,DC Address,
2012-2013,The Next Step PCS,The Next Step PCS,145,168,1100017,Regular school,Regular School,www.nextsteppcs.org,Yes,Open,NULL,Washington,20009,3047 15th St NW,NULL,20009,N,N,N,N,N,N,N,N,N,N,N,N,Y,Y,Y,Y,N,N,Y,3047 15TH STREET NW,396892.23000000,140071.02000000,38.92851269,-77.03584130,Ward 1,002802,20009,243343,100.00000000,DC Address,
2012-2013,Options PCS,Options PCS,137,169,1100018,Regular school,Regular School,www.optionsschool.org,Yes,Open,NULL,Washington,20002,1375 E Street NE,NULL,20002,N,N,N,N,N,N,N,N,N,Y,Y,Y,Y,Y,Y,Y,N,N,N,1375 E STREET NE,401195.97000000,136444.70000000,38.89585026,-76.98621343,Ward 6,008001,20002,286107,100.00000000,DC Address,
2012-2013,Paul PCS,Paul JHS PCS,138,170,1100039,Regular school,Regular School,www.paulcharter.org,Yes,Open,NULL,Washington,20011,5800 8th Street NW,NULL,20011,N,N,N,N,N,N,N,N,N,Y,Y,Y,Y,N,N,N,N,N,N,5800 8TH STREET NW,397857.27000000,143717.65000000,38.96136545,-77.02472307,Ward 4,001901,20011,294613,100.00000000,DC Address,
2012-2013,Roots PCS,Roots PCS,140,173,1100020,Regular school,Regular School,www.rootspcs.org,Yes,Open,NULL,Washington,20011,15 Kennedy St NW,NULL,20011,Y,Y,N,Y,Y,Y,Y,Y,Y,Y,Y,Y,N,N,N,N,N,N,N,15 KENNEDY STREET NW,399106.42000000,143217.68000000,38.95686375,-77.01030958,Ward 4,002102,20011,259404,100.00000000,DC Address,
2012-2013,School for Educational Evolution and Development (SEED) PCS,School for Educational Evolution and Development (SEED) PCS,142,174,1100022,Regular school,Regular School,www.seedschooldc.org,Yes,Open,NULL,Washington,20019,4300 C Street SE,NULL,20019,N,N,N,N,N,N,N,N,N,Y,Y,Y,Y,Y,Y,Y,N,N,N,4300 C STREET SE,404658.72000000,135477.99000000,38.88713024,-76.94630306,Ward 7,007703,20019,288154,100.00000000,DC Address,
2012-2013,Washington Math Science & Technology (WMST) PCS,Washington Math Science Tech PCS,152,178,1100026,Regular school,Regular School,www.wmstpchs.net,Yes,Open,NULL,Washington,20002,1920 Bladensburg Road NE,NULL,20002,N,N,N,N,N,N,N,N,N,N,N,N,Y,Y,Y,Y,N,N,N,1920 BLADENSBURG ROAD NE,402273.07000000,138728.17000000,38.91641842,-76.97378958,Ward 5,011100,20002,286539,100.00000000,DC Address,
2012-2013,Arts and Technology PCS,Arts and Technology PCS,104,181,1100001,Regular school,Regular School,www.artstechacademy.org,Yes,Open,NULL,Washington,20019,5300 Blaine Street NE,NULL,20019,Y,Y,N,Y,Y,Y,Y,Y,Y,N,N,N,N,N,N,N,N,N,N,5300 BLAINE STREET NE,406537.33000000,136014.15000000,38.89194821,-76.92464490,Ward 7,007808,20019,304054,100.00000000,DC Address,
2012-2013,Tree of Life PCS,Tree of Life Community PCS,147,183,1100040,Regular school,Regular School,www.treeoflifepcs.org,Yes,Open,NULL,Washington,20018,2315 18th Pl NE,NULL,20018,Y,Y,N,Y,Y,Y,Y,Y,Y,Y,Y,Y,N,N,N,N,N,N,N,2315 18TH PLACE NE,401921.82000000,139212.16000000,38.92077920,-76.97783843,Ward 5,011100,20018,48796,100.00000000,DC Address,
2012-2013,Capital City PCS,Capital City Lower PCS,108,184,1100035,Regular school,Regular School,www.ccpcs.org,Yes,Open,NULL,Washington,20011,100 Peabody St NW,NULL,20011,Y,Y,N,Y,Y,Y,Y,Y,N,N,N,N,N,N,N,N,N,N,N,100 PEABODY STREET NW,398884.80000000,143806.18000000,38.96216486,-77.01286745,Ward 4,001902,20011,277545,100.00000000,DC Address,
2012-2013,Friendship PCS,Friendship PCS Woodson Collegiate Academy,120,186,1100008,Vocational Shared Time,Regular School,www.friendshipschools.org,Yes,Open,NULL,Washington,20019,4095 Minnesota Avenue NE,NULL,20019,N,N,N,N,N,N,N,N,N,N,N,N,Y,Y,Y,Y,N,N,N,4095 MINNESOTA AVENUE NE,404654.26000000,136634.64000000,38.89754980,-76.94634663,Ward 7,007803,20019,288100,100.00000000,DC Address,
2012-2013,Howard Road Academy PCS,Howard Road Academy PCS   Main Campus,123,188,1100029,Regular school,Regular School,www.HowardRoadAcademy.org,Yes,Open,NULL,Washington,20020,701 Howard Road SE,NULL,20020,N,N,N,Y,Y,Y,Y,Y,Y,Y,N,N,N,N,N,N,N,N,N,701 HOWARD ROAD SE,400069.95000000,132932.97000000,38.86421603,-76.99919401,Ward 8,007401,20020,300872,100.00000000,DC Address,
2012-2013,KIPP DC PCS,KIPP DC KEY Academy PCS,129,189,1100031,Regular school,Regular School,www.kippdc.org,Yes,Open,NULL,Washington,20019,4801 Benning Rd SE,NULL,20019,N,N,N,N,N,N,N,Y,Y,Y,Y,Y,N,N,N,N,N,N,N,4801 BENNING ROAD SE,405692.28000000,134978.83000000,38.88262754,-76.93439427,Ward 7,009907,20019,17421,100.00000000,DC Address,
2012-2013,Thurgood Marshall Academy PCS,Thurgood Marshall Academy PCS,146,191,1100034,Regular school,Regular School,www.thurgoodmarshallacademy.org,Yes,Open,NULL,Washington,20020,2427 Martin Luther King Jr Av SE,NULL,20020,N,N,N,N,N,N,N,N,N,N,N,N,Y,Y,Y,Y,N,N,N,2427 MARTIN LUTHER KING JR AVENUE SE,400548.01000000,132717.75000000,38.86227707,-76.99368577,Ward 8,007401,20020,278159,100.00000000,DC Address,
2012-2013,Latin American Montessori Bilingual (LAMB) PCS,Latin American Montessori Bilingual (LAMB) PCS,130,193,1100032,Regular school,Regular School,www.lambpcs.org,Yes,Open,NULL,Washington,20011,1375 Missouri Ave NW,NULL,20011,Y,Y,N,Y,Y,Y,Y,Y,Y,N,N,N,N,N,N,N,N,N,N,1375 MISSOURI AVENUE NW,397192.03000000,143806.16000000,38.96216089,-77.03239905,Ward 4,001804,20011,284010,100.00000000,DC Address,
2012-2013,Eagle Academy PCS,Eagle Center,117,195,1100049,Regular school,Regular School,www.eagleacademypcs.org,Yes,Open,NULL,Washington,20032,3400 Wheeler Rd SE,NULL,20032,Y,Y,N,Y,Y,Y,Y,N,N,N,N,N,N,N,N,N,N,N,N,3400 WHEELER ROAD SE,400604.46000000,130274.71000000,38.84026907,-76.99303750,Ward 8,007304,20032,294566,100.00000000,DC Address,
2012-2013,D.C. Preparatory Academy PCS,D C  Preparatory Edgewood Middle Campus PCS,115,196,1100048,Regular school,Regular School,www.dcprep.org,Yes,Open,NULL,Washington,20017,701 Edgewood St NE,NULL,20017,N,N,N,N,N,N,N,Y,Y,Y,Y,Y,N,N,N,N,N,N,N,701 EDGEWOOD STREET NE,400346.07000000,139651.51000000,38.92473904,-76.99600905,Ward 5,009204,20017,289579,100.00000000,DC Address,
2012-2013,Two Rivers PCS,Two Rivers PCS,149,198,1100045,Regular school,Regular School,www.tworiverspcs.org,Yes,Open,NULL,Washington,20002,1227 4th Street NE,NULL,20002,Y,Y,N,Y,Y,Y,Y,Y,Y,Y,Y,Y,N,N,N,N,N,N,N,1227 4TH STREET NE,399974.01000000,137654.97000000,38.90675361,-77.00029965,Ward 6,010600,20002,306605,100.00000000,DC Address,
2012-2013,D.C. Bilingual PCS,D C  Bilingual PCS,114,199,1100042,Regular school,Regular School,www.dcbilingual.org,Yes,Open,NULL,Washington,20009,1420 Columbia Rd NW,NULL,20009,Y,Y,N,Y,Y,Y,Y,Y,Y,N,N,N,N,N,N,N,N,N,N,1420 COLUMBIA ROAD NW,397111.88000000,139924.73000000,38.92719562,-77.03330750,Ward 1,002802,20009,234355,100.00000000,DC Address,
2012-2013,District of Columbia Public Schools,Aiton ES,1,202,1100030,Regular school,Regular School,www.dcps.dc.gov,No,Open,NULL,Washington,20019,533 48th Pl  NE,NULL,20019,Y,Y,N,Y,Y,Y,Y,Y,Y,N,N,N,N,N,N,N,N,N,N,533 48TH PLACE NE,405751.28000000,136574.53000000,38.89700181,-76.93370092,Ward 7,007804,20019,294490,100.00000000,DC Address,
2012-2013,District of Columbia Public Schools,Amidon Bowen  ES,1,203,1100030,Regular school,Regular School,www.dcps.dc.gov,No,Open,NULL,Washington,20024,401 Eye St  SW,NULL,20024,Y,Y,N,Y,Y,Y,Y,Y,Y,N,N,N,N,N,N,N,N,N,N,401 I STREET SW,398427.29000000,134631.47000000,38.87951540,-77.01812530,Ward 6,010200,20024,294482,100.00000000,DC Address,
2012-2013,District of Columbia Public Schools,Bancroft ES,1,204,1100030,Regular school,Regular School,www.dcps.dc.gov,No,Open,NULL,Washington,20010,1755 Newton St  NW,NULL,20010,Y,Y,N,Y,Y,Y,Y,Y,Y,N,N,N,N,N,N,N,N,N,N,1755 NEWTON STREET NW,396483.93000000,140715.67000000,38.93431836,-77.04055344,Ward 1,002701,20010,294528,100.00000000,DC Address,
2012-2013,District of Columbia Public Schools,Barnard ES,1,205,1100030,Regular school,Regular School,www.dcps.dc.gov,No,Open,NULL,Washington,20011,430 Decatur St  NW,NULL,20011,Y,Y,N,Y,Y,Y,Y,Y,Y,N,N,N,N,N,N,N,N,N,N,430 DECATUR STREET NW,398458.99000000,142259.46000000,38.94823095,-77.01777708,Ward 4,002202,20011,248305,100.00000000,DC Address,
2012-2013,District of Columbia Public Schools,Beers ES,1,206,1100030,Regular school,Regular School,www.dcps.dc.gov,No,Open,NULL,Washington,20020,3600 Alabama Ave  SE,NULL,20020,Y,Y,N,Y,Y,Y,Y,Y,Y,N,N,N,N,N,N,N,N,N,N,3600 ALABAMA AVENUE SE,403852.94000000,132948.76000000,38.86434984,-76.95560475,Ward 7,007604,20020,278406,100.00000000,DC Address,
2012-2013,District of Columbia Public Schools,Brent ES,1,212,1100030,Regular school,Regular School,www.dcps.dc.gov,No,Open,NULL,Washington,20003,301 North Carolina Ave  SE,NULL,20003,Y,Y,N,Y,Y,Y,Y,Y,Y,N,N,N,N,N,N,N,N,N,N,301 NORTH CAROLINA AVENUE SE,399873.34000000,135218.08000000,38.88480121,-77.00145985,Ward 6,006500,20003,294479,100.00000000,DC Address,
2012-2013,District of Columbia Public Schools,Brightwood EC,1,213,1100030,Regular school,Regular School,www.dcps.dc.gov,No,Open,NULL,Washington,20011,1300 Nicholson St  NW,NULL,20011,Y,Y,N,Y,Y,Y,Y,Y,Y,Y,Y,Y,N,N,N,N,N,N,N,1300 NICHOLSON STREET NW,397340.19000000,143625.70000000,38.96053573,-77.03068885,Ward 4,002001,20011,294515,100.00000000,DC Address,
2012-2013,District of Columbia Public Schools,Burroughs EC,1,220,1100030,Regular school,Regular School,www.dcps.dc.gov,No,Open,NULL,Washington,20018,1820 Monroe St  NE,NULL,20018,Y,Y,N,Y,Y,Y,Y,Y,Y,Y,Y,Y,N,N,N,N,N,N,N,1820 MONROE STREET NE,401867.90000000,140624.56000000,38.93350266,-76.97845637,Ward 5,009400,20018,294530,100.00000000,DC Address,
2012-2013,District of Columbia Public Schools,Burrville ES,1,221,1100030,Regular school,Regular School,www.dcps.dc.gov,No,Open,NULL,Washington,20019,801 Division Ave  NE,NULL,20019,Y,Y,N,Y,Y,Y,Y,Y,Y,N,N,N,N,N,N,N,N,N,N,801 DIVISION AVENUE NE,406552.65000000,136970.78000000,38.90056577,-76.92445918,Ward 7,007807,20019,289787,100.00000000,DC Address,
2012-2013,District of Columbia Public Schools,Cleveland ES,1,224,1100030,Regular school,Regular School,www.dcps.dc.gov,No,Open,NULL,Washington,20001,1825 8th St  NW,NULL,20001,Y,Y,N,Y,Y,Y,Y,Y,Y,N,N,N,N,N,N,N,N,N,N,1825 8TH STREET NW,398030.71000000,138586.76000000,38.91514529,-77.02270718,Ward 1,004400,20001,294531,100.00000000,DC Address,
2012-2013,District of Columbia Public Schools,H D Cooke ES,1,227,1100030,Regular school,Regular School,www.dcps.dc.gov,No,Open,NULL,Washington,20009,2525 17th St NW,NULL,20009,Y,Y,N,Y,Y,Y,Y,Y,Y,N,N,N,N,N,N,N,N,N,N,2525 17TH STREET NW,396634.55000000,139563.86000000,38.92394309,-77.03881058,Ward 1,003800,20009,235863,100.00000000,DC Address,
2012-2013,District of Columbia Public Schools,Davis ES,1,229,1100030,Regular school,Regular School,www.dcps.dc.gov,No,Open,NULL,Washington,20019,4430 H St  SE,NULL,20019,Y,Y,N,Y,Y,Y,Y,Y,Y,N,N,N,N,N,N,N,N,N,N,4430 H STREET SE,405412.99000000,134583.53000000,38.87906828,-76.93761631,Ward 7,007707,20019,294598,100.00000000,DC Address,
2012-2013,District of Columbia Public Schools,Drew ES,1,231,1100030,Regular school,Regular School,www.dcps.dc.gov,No,Open,NULL,Washington,20019,5600 Eads St  NE,NULL,20019,Y,Y,N,Y,Y,Y,Y,Y,Y,N,N,N,N,N,N,N,N,N,N,5600 EADS STREET NE,406946.23000000,136463.61000000,38.89599397,-76.91992701,Ward 7,007807,20019,277686,100.00000000,DC Address,
2012-2013,District of Columbia Public Schools,Eaton ES,1,232,1100030,Regular school,Regular School,www.dcps.dc.gov,No,Open,NULL,Washington,20008,3301 Lowell St  NW,NULL,20008,N,Y,N,Y,Y,Y,Y,Y,Y,N,N,N,N,N,N,N,N,N,N,3301 LOWELL STREET NW,394293.04000000,140540.30000000,38.93272707,-77.06582114,Ward 3,000600,20008,294562,100.00000000,DC Address,
2012-2013,District of Columbia Public Schools,Garfield ES,1,238,1100030,Regular school,Regular School,www.dcps.dc.gov,No,Open,NULL,Washington,20020,2435 Alabama Ave  SE,NULL,20020,Y,Y,N,Y,Y,Y,Y,Y,Y,N,N,N,N,N,N,N,N,N,N,2435 ALABAMA AVENUE SE,402534.22000000,131547.71000000,38.85173338,-76.97080478,Ward 8,007408,20020,278160,100.00000000,DC Address,
2012-2013,District of Columbia Public Schools,Garrison ES,1,239,1100030,Regular school,Regular School,www.dcps.dc.gov,No,Open,NULL,Washington,20009,1200 S St  NW,NULL,20009,Y,Y,N,Y,Y,Y,Y,Y,Y,N,N,N,N,N,N,N,N,N,N,1200 S STREET NW,397518.52000000,138448.81000000,38.91390129,-77.02861256,Ward 2,005001,20009,294509,100.00000000,DC Address,
2012-2013,District of Columbia Public Schools,Hardy MS,1,246,1100030,Regular school,Regular School,www.dcps.dc.gov,No,Open,NULL,Washington,20007,1819 35th St  NW,NULL,20007,N,N,N,N,N,N,N,N,N,Y,Y,Y,N,N,N,N,N,N,N,1819 35TH STREET NW,394049.46000000,138629.13000000,38.91550903,-77.06861390,Ward 2,000202,20007,274432,100.00000000,DC Address,
2012-2013,District of Columbia Public Schools,C W  Harris ES,1,247,1100030,Regular school,Regular School,www.dcps.dc.gov,No,Open,NULL,Washington,20019,301 53rd St  SE,NULL,20019,Y,Y,N,Y,Y,Y,Y,Y,Y,N,N,N,N,N,N,N,N,N,N,301 53RD STREET SE,406410.50000000,135087.20000000,38.88359883,-76.92611550,Ward 7,009905,20019,289801,100.00000000,DC Address,
2012-2013,District of Columbia Public Schools,Hendley ES,1,249,1100030,Regular school,Regular School,www.dcps.dc.gov,No,Open,NULL,Washington,20032,425 Chesapeake St  SE,NULL,20032,Y,Y,N,Y,Y,Y,Y,Y,Y,N,N,N,N,N,N,N,N,N,N,425 CHESAPEAKE STREET SE,400070.78000000,129022.18000000,38.82898591,-76.99918485,Ward 8,009811,20032,24445,100.00000000,DC Address,
2012-2013,District of Columbia Public Schools,Houston ES,1,251,1100030,Regular school,Regular School,www.dcps.dc.gov,No,Open,NULL,Washington,20019,1100 50th Pl  NE,NULL,20019,Y,Y,N,Y,Y,Y,Y,Y,Y,N,N,N,N,N,N,N,N,N,N,1100 50TH PLACE NE,406076.15000000,137508.74000000,38.90541532,-76.92994765,Ward 7,007806,20019,156316,100.00000000,DC Address,
2012-2013,District of Columbia Public Schools,Hyde Addison ES,1,252,1100030,Regular school,Regular School,www.dcps.dc.gov,No,Open,NULL,Washington,20007,3219 O St  NW,NULL,20007,N,Y,N,Y,Y,Y,Y,Y,Y,N,N,N,N,N,N,N,N,N,N,3219 O STREET NW,394402.37000000,137797.48000000,38.90801957,-77.06453782,Ward 2,000202,20007,294558,100.00000000,DC Address,
2012-2013,District of Columbia Public Schools,Janney ES,1,254,1100030,Regular school,Regular School,www.dcps.dc.gov,No,Open,NULL,Washington,20016,4130 Albemarle St  NW,NULL,20016,N,Y,N,Y,Y,Y,Y,Y,Y,N,N,N,N,N,N,N,N,N,N,4130 ALBEMARLE STREET NW,392978.88000000,142186.88000000,38.94755042,-77.08099483,Ward 3,001001,20016,285713,100.00000000,DC Address,
2012-2013,District of Columbia Public Schools,Kenilworth ES,1,256,1100030,Regular school,Regular School,www.dcps.dc.gov,No,Open,NULL,Washington,20019,1300 44th St NE,NULL,20019,Y,Y,N,Y,Y,Y,Y,Y,Y,N,N,N,N,N,N,N,N,N,N,1300 44TH STREET NE,405161.97000000,137820.44000000,38.90822907,-76.94048494,Ward 7,009601,20019,294516,100.00000000,DC Address,
2012-2013,District of Columbia Public Schools,Ketcham ES,1,257,1100030,Regular school,Regular School,www.dcps.dc.gov,No,Open,NULL,Washington,20020,1919 15th St  SE,NULL,20020,Y,Y,N,Y,Y,Y,Y,Y,Y,N,N,N,N,N,N,N,N,N,N,1919 15TH STREET SE,401421.44000000,133135.87000000,38.86604269,-76.98362116,Ward 8,007503,20020,286537,100.00000000,DC Address,
2012-2013,District of Columbia Public Schools,Hearst ES,1,258,1100030,Regular school,Regular School,www.dcps.dc.gov,No,Open,NULL,Washington,20008,3950 37th St  NW,NULL,20008,Y,Y,N,Y,Y,Y,Y,Y,Y,N,N,N,N,N,N,N,N,N,N,3950 37TH STREET NW,393761.89000000,141428.28000000,38.94072265,-77.07195522,Ward 3,000600,20008,294586,100.00000000,DC Address,
2012-2013,District of Columbia Public Schools,Kimball ES,1,259,1100030,Regular school,Regular School,www.dcps.dc.gov,No,Open,NULL,Washington,20019,3375 Minnesota Ave  SE,NULL,20019,Y,Y,N,Y,Y,Y,Y,Y,Y,N,N,N,N,N,N,N,N,N,N,3375 MINNESOTA AVENUE SE,403681.18000000,135028.21000000,38.88308309,-76.95757271,Ward 7,009901,20019,294565,100.00000000,DC Address,
2012-2013,District of Columbia Public Schools,Lafayette ES,1,261,1100030,Regular school,Regular School,www.dcps.dc.gov,No,Open,NULL,Washington,20015,5701 Broad Branch Rd  NW,NULL,20015,N,Y,N,Y,Y,Y,Y,Y,Y,N,N,N,N,N,N,N,N,N,N,5701 BROAD BRANCH ROAD NW,394103.71000000,144303.70000000,38.96662755,-77.06803712,Ward 4,001500,20015,294611,100.00000000,DC Address,
2012-2013,District of Columbia Public Schools,Langdon EC,1,262,1100030,Regular school,Regular School,www.dcps.dc.gov,No,Open,NULL,Washington,20018,1900 Evarts St  NE,NULL,20018,Y,Y,N,Y,Y,Y,Y,Y,Y,Y,Y,Y,N,N,N,N,N,N,N,1900 EVARTS STREET NE,401987.32000000,139647.88000000,38.92470416,-76.97708185,Ward 5,011100,20018,294532,100.00000000,DC Address,
2012-2013,District of Columbia Public Schools,LaSalle Backus EC,1,264,1100030,Regular school,Regular School,www.dcps.dc.gov,No,Open,NULL,Washington,20011,501 Riggs Road NE,NULL,20011,Y,Y,N,Y,Y,Y,Y,Y,Y,Y,Y,Y,N,N,N,N,N,N,N,501 RIGGS ROAD NE,400010.18000000,143562.69000000,38.95997214,-76.99988254,Ward 4,009507,20011,294489,100.00000000,DC Address,
2012-2013,District of Columbia Public Schools,Mamie D Lee School,1,265,1100030,Special Education school,Special Education school,www.dcps.dc.gov,No,Open,NULL,Washington,20011,100 Gallatin St  NE,NULL,20011,N,Y,N,Y,Y,Y,Y,Y,Y,Y,Y,Y,N,N,N,N,Y,N,N,100 GALLATIN STREET NE,399373.74000000,142734.73000000,38.95251344,-77.00722496,Ward 5,009508,20011,294470,100.00000000,DC Address,
2012-2013,District of Columbia Public Schools,Leckie ES,1,266,1100030,Regular school,Regular School,www.dcps.dc.gov,No,Open,NULL,Washington,20032,4201 M L  King Ave  SW,NULL,20032,Y,Y,N,Y,Y,Y,Y,Y,Y,N,N,N,N,N,N,N,N,N,N,4201 MARTIN LUTHER KING JR AVENUE SW,398880.58000000,128934.66000000,38.82819678,-77.01289191,Ward 8,009807,20032,294592,100.00000000,DC Address,
2012-2013,District of Columbia Public Schools,Ludlow Taylor ES,1,271,1100030,Regular school,Regular School,www.dcps.dc.gov,No,Open,NULL,Washington,20002,659 G St  NE,NULL,20002,Y,Y,N,Y,Y,Y,Y,Y,Y,N,N,N,N,N,N,N,N,N,N,659 G STREET NE,400304.26000000,136765.86000000,38.89874414,-76.99649249,Ward 6,008302,20002,294494,100.00000000,DC Address,
2012-2013,District of Columbia Public Schools,Key ES,1,272,1100030,Regular school,Regular School,www.dcps.dc.gov,No,Open,NULL,Washington,20016,5001 Dana Pl  NW,NULL,20016,Y,Y,N,Y,Y,Y,Y,Y,Y,N,N,N,N,N,N,N,N,N,N,5001 DANA PLACE NW,391283.15000000,139885.29000000,38.92680184,-77.10052732,Ward 3,000902,20016,294605,100.00000000,DC Address,
2012-2013,District of Columbia Public Schools,Mann ES,1,273,1100030,Regular school,Regular School,www.dcps.dc.gov,No,Open,NULL,Washington,20016,4430 Newark St  NW,NULL,20016,N,Y,N,Y,Y,Y,Y,Y,Y,N,N,N,N,N,N,N,N,N,N,4430 NEWARK STREET NW,392385.28000000,140715.66000000,38.93429231,-77.08782619,Ward 3,000801,20016,294597,100.00000000,DC Address,
2012-2013,District of Columbia Public Schools,Maury ES,1,274,1100030,Regular school,Regular School,www.dcps.dc.gov,No,Open,NULL,Washington,20002,1250 Constitution Ave  NE,NULL,20002,Y,Y,N,Y,Y,Y,Y,Y,Y,N,N,N,N,N,N,N,N,N,N,1250 CONSTITUTION AVENUE NE,400984.00000000,136037.82000000,38.89218519,-76.98865750,Ward 6,008002,20002,294511,100.00000000,DC Address,
2012-2013,District of Columbia Public Schools,Miner ES,1,280,1100030,Regular school,Regular School,www.dcps.dc.gov,No,Open,NULL,Washington,20002,601 15th St  NE,NULL,20002,Y,Y,N,Y,Y,Y,Y,Y,Y,N,N,N,N,N,N,N,N,N,N,601 15TH STREET NE,401483.00000000,136614.12000000,38.89737602,-76.98290432,Ward 6,007901,20002,289548,100.00000000,DC Address,
2012-2013,District of Columbia Public Schools,Marie Reed ES,1,284,1100030,Regular school,Regular School,www.dcps.dc.gov,No,Open,NULL,Washington,20009,2201 18th St NW,NULL,20009,Y,Y,N,Y,Y,Y,Y,Y,Y,N,N,N,N,N,N,N,N,N,N,2201 18TH STREET NW,396459.87000000,139027.66000000,38.91911214,-77.04082224,Ward 1,003800,20009,310614,100.00000000,DC Address,
2012-2013,District of Columbia Public Schools,Moten ES,1,285,1100030,Regular school,Regular School,www.dcps.dc.gov,No,Open,NULL,Washington,20020,1565 Morris Rd SE,NULL,20020,Y,Y,N,Y,Y,Y,Y,Y,Y,N,N,N,N,N,N,N,N,N,N,1565 MORRIS ROAD SE,401480.43000000,132093.89000000,38.85665600,-76.98294368,Ward 8,007407,20020,294524,100.00000000,DC Address,
2012-2013,District of Columbia Public Schools,Murch ES,1,287,1100030,Regular school,Regular School,www.dcps.dc.gov,No,Open,NULL,Washington,20008,4810 36th St  NW,NULL,20008,N,Y,N,Y,Y,Y,Y,Y,Y,N,N,N,N,N,N,N,N,N,N,4810 36TH STREET NW,393925.57000000,142783.67000000,38.95293352,-77.07007921,Ward 3,001100,20008,294602,100.00000000,DC Address,
2012-2013,District of Columbia Public Schools,Nalle ES,1,288,1100030,Regular school,Regular School,www.dcps.dc.gov,No,Open,NULL,Washington,20019,219 50th St  SE,NULL,20019,Y,Y,N,Y,Y,Y,Y,Y,Y,N,N,N,N,N,N,N,N,N,N,219 50TH STREET SE,406004.16000000,135348.37000000,38.88595442,-76.93079651,Ward 7,009904,20019,294474,100.00000000,DC Address,
2012-2013,District of Columbia Public Schools,Noyes EC,1,290,1100030,Regular school,Regular School,www.dcps.dc.gov,No,Open,NULL,Washington,20018,2725 10th St  NE,NULL,20018,Y,Y,N,Y,Y,Y,Y,Y,Y,Y,Y,Y,N,N,N,N,N,N,N,2725 10TH STREET NE,400707.33000000,139700.26000000,38.92517798,-76.99184288,Ward 5,009302,20018,289594,100.00000000,DC Address,
2012-2013,District of Columbia Public Schools,Orr ES,1,291,1100030,Regular school,Regular School,www.dcps.dc.gov,No,Open,NULL,Washington,20020,2200 Minnesota Ave  SE,NULL,20020,Y,Y,N,Y,Y,Y,Y,Y,Y,N,N,N,N,N,N,N,N,N,N,2200 MINNESOTA AVENUE SE,402214.23000000,133774.84000000,38.87179716,-76.97448402,Ward 8,007601,20020,294539,100.00000000,DC Address,
2012-2013,District of Columbia Public Schools,Oyster Adams Bilingual School (Oyster),1,292,1100030,Regular school,Regular School,www.dcps.dc.gov,No,Open,NULL,Washington,20008,2801 Calvert St NW,NULL,20008,Y,Y,N,Y,Y,Y,Y,N,N,N,N,N,N,N,N,N,N,N,N,2801 CALVERT STREET NW,395039.60000000,139526.15000000,38.92359583,-77.05720337,Ward 3,000501,20008,275944,100.00000000,DC Address,
2012-2013,District of Columbia Public Schools,Patterson ES,1,294,1100030,Regular school,Regular School,www.dcps.dc.gov,No,Open,NULL,Washington,20032,4399 S Capitol Terr  SW,NULL,20032,Y,Y,N,Y,Y,Y,Y,Y,Y,N,N,N,Y,Y,Y,N,N,N,N,4399 SOUTH CAPITOL TERRACE SW,399263.25000000,128798.03000000,38.82696636,-77.00848471,Ward 8,009807,20032,301073,100.00000000,DC Address,
2012-2013,District of Columbia Public Schools,Payne ES,1,295,1100030,Regular school,Regular School,www.dcps.dc.gov,No,Open,NULL,Washington,20003,1445 C St SE,NULL,20003,Y,Y,N,Y,Y,Y,Y,Y,Y,N,N,N,N,N,N,N,N,N,N,1445 C STREET SE,401302.84000000,135259.20000000,38.88517068,-76.98498373,Ward 6,006900,20003,289721,100.00000000,DC Address,
2012-2013,District of Columbia Public Schools,Bruce Monroe ES at Park View,1,296,1100030,Regular school,Regular School,www.dcps.dc.gov,No,Open,NULL,Washington,20010,3560 Warder St  NW,NULL,20010,Y,Y,N,Y,Y,Y,Y,Y,Y,N,N,N,N,N,N,N,N,N,N,3560 WARDER STREET NW,398163.16000000,140725.73000000,38.93441410,-77.02118567,Ward 1,003200,20010,294583,100.00000000,DC Address,
2012-2013,District of Columbia Public Schools,Plummer ES,1,299,1100030,Regular school,Regular School,www.dcps.dc.gov,No,Open,NULL,Washington,20019,4601 Texas Ave  SE,NULL,20019,Y,Y,N,Y,Y,Y,Y,Y,Y,N,N,N,N,N,N,N,N,N,N,4601 TEXAS AVENUE SE,405211.23000000,135490.54000000,38.88724020,-76.93993468,Ward 7,009906,20019,19536,100.00000000,DC Address,
2012-2013,District of Columbia Public Schools,Powell ES,1,300,1100030,Regular school,Regular School,www.dcps.dc.gov,No,Open,NULL,Washington,20011,1350 Upshur St  NW,NULL,20011,Y,Y,N,Y,Y,Y,Y,Y,Y,N,N,N,N,N,N,N,N,N,N,1350 UPSHUR STREET NW,397292.79000000,141516.39000000,38.94153434,-77.03122742,Ward 4,002502,20011,255302,100.00000000,DC Address,
2012-2013,District of Columbia Public Schools,Peabody ES (Capitol Hill Cluster),1,301,1100030,Regular school,Regular School,www.dcps.dc.gov,No,Open,NULL,Washington,20002,425 C St  NE,NULL,20002,Y,Y,N,Y,N,N,N,N,N,N,N,N,N,N,N,N,N,N,N,425 C STREET NE,400012.32000000,136116.70000000,38.89289632,-76.99985799,Ward 6,008200,20002,288145,100.00000000,DC Address,
2012-2013,District of Columbia Public Schools,Raymond EC,1,302,1100030,Regular school,Regular School,www.dcps.dc.gov,No,Open,NULL,Washington,20010,915 Spring Rd  NW,NULL,20010,Y,Y,N,Y,Y,Y,Y,Y,Y,Y,Y,Y,N,N,N,N,N,N,N,915 SPRING ROAD NW,397708.28000000,140880.94000000,38.93581121,-77.02643266,Ward 4,002502,20010,226682,100.00000000,DC Address,
2012-2013,District of Columbia Public Schools,Ross ES,1,305,1100030,Regular school,Regular School,www.dcps.dc.gov,No,Open,NULL,Washington,20009,1730 R St  NW,NULL,20009,Y,Y,N,Y,Y,Y,Y,Y,Y,N,N,N,N,N,N,N,N,N,N,1730 R STREET NW,396560.15000000,138281.53000000,38.91239115,-77.03966214,Ward 2,005301,20009,241714,100.00000000,DC Address,
2012-2013,Inspired Teaching Demonstration PCS,Inspired Teaching Demonstration PCS,165,3064,1100080,Regular school,Regular School,www.inspiredteachingschool.org,Yes,Open,NULL,Washington,20009,1328 Florida Ave NW,NULL,20009,Y,Y,N,Y,Y,Y,Y,Y,N,N,N,N,N,N,N,N,N,N,N,1328 FLORIDA AVENUE NW,397329.20000000,139135.40000000,38.92008577,-77.03079817,Ward 1,004400,20009,240295,100.00000000,DC Address,
2012-2013,Mundo Verde Bilingual PCS,Mundo Verde Bilingual PCS,171,3065,1100086,Regular school,Regular School,www.mundoverdepcs.org,Yes,Open,NULL,Washington,20010,3220 16th St NW,NULL,20010,Y,Y,N,Y,Y,N,N,N,N,N,N,N,N,N,N,N,N,N,N,3220 16TH STREET NW,396808.36000000,140381.96000000,38.93131343,-77.03681000,Ward 1,002702,20010,301528,100.00000000,DC Address,
2012-2013,Shining Stars Montessori PCS,Shining Stars Montessori PCS,166,3066,1100081,Regular school,Regular School,www.shiningstarsdc.org,Yes,Open,NULL,Washington,20009,1328 Florida Ave NW,NULL,20009,Y,Y,N,Y,Y,N,N,N,N,N,N,N,N,N,N,N,N,N,N,1328 FLORIDA AVENUE NW,397329.20000000,139135.40000000,38.92008577,-77.03079817,Ward 1,004400,20009,240295,100.00000000,DC Address,
2012-2013,Richard Wright PCS for Journalism and Media Arts,Richard Wright PCS for Journalism and Media Arts,167,3067,1100082,Vocational Shared Time,Regular School,www.richardwrightpcs.org,Yes,Open,2nd fl,Washington,20003,770 M Street SE,NULL,20003,N,N,N,N,N,N,N,N,N,N,N,Y,Y,Y,N,N,N,N,N,770 M STREET SE,400383.82000000,134351.84000000,38.87699771,-76.99557668,Ward 6,007200,20003,288946,100.00000000,DC Address,
2012-2013,Basis DC PCS,Basis DC PCS,168,3068,1100083,Regular school,Regular School,www.basisdc.org,Yes,New,NULL,Washington,20004,412 8th St NW,NULL,20004,N,N,N,N,N,N,N,N,Y,Y,Y,Y,N,N,N,N,N,N,N,412 8TH STREET NW,397979.04000000,136380.31000000,38.89526870,-77.02329647,Ward 2,005800,20004,243246,100.00000000,DC Address,
2012-2013,Creative Minds International PCS,Creative Minds International PCS,169,3069,1100084,Regular school,Regular School,http://www.creativemindspcs.org,Yes,Open,NULL,Washington,20010,3224 16th St NW,NULL,20010,Y,Y,N,Y,Y,Y,N,N,N,N,N,N,N,N,N,N,N,N,N,3224 16TH STREET NW,396807.89000000,140403.83000000,38.93151044,-77.03681552,Ward 1,002702,20010,233551,100.00000000,DC Address,
2012-2013,District of Columbia Public Schools,Savoy ES,1,307,1100030,Regular school,Regular School,www.dcps.dc.gov,No,Open,NULL,Washington,20020,2400 Shannon Pl SE,NULL,20020,Y,Y,N,Y,Y,Y,Y,Y,Y,N,N,N,N,N,N,N,N,N,N,2400 SHANNON PLACE SE,400555.08000000,132781.57000000,38.86285199,-76.99360426,Ward 8,007401,20020,278153,100.00000000,DC Address,
2012-2013,DC Scholars PCS,DC Scholars PCS,170,3070,1100085,Regular school,Regular School,www.dcscholars.org,Yes,New,NULL,Washington,20011,5601 E  Capitol St SE,NULL,20011,Y,Y,N,Y,Y,Y,Y,N,N,N,N,N,N,N,N,N,N,N,N,5601 EAST CAPITOL STREET SE,406789.33000000,135740.32000000,38.88947954,-76.92174283,Ward 7,009903,20019,294610,100.00000000,DC Address,
2012-2013,KIPP DC PCS,KIPP DC Heights Academy PCS,129,3071,1100031,Regular school,Regular School,www.kippdc.org,Yes,Open,NULL,Washington,20020,2600 Douglass Rd SE,NULL,20020,N,N,N,N,Y,Y,N,N,N,N,N,N,N,N,N,N,N,N,N,2601 DOUGLASS ROAD SE,401078.58000000,132172.13000000,38.85736141,-76.98757335,Ward 8,007406,20020,276167,100.00000000,DC Address,
2012-2013,AppleTree Early Learning Center PCS,AppleTree Early Learning Center PCS Douglass Knoll,103,3072,1100054,Regular school,Regular School,www.appletreeinstitute.org,Yes,Open,NULL,Washington,20020,"2017 Savannah Terrace, SE",NULL,20020,Y,Y,N,N,N,N,N,N,N,N,N,N,N,N,N,N,N,N,N,2017 SAVANNAH TERRACE SE,402177.09000000,131217.90000000,38.84876326,-76.97492010,Ward 8,007403,20020,278045,100.00000000,DC Address,
2012-2013,AppleTree Early Learning Center PCS,AppleTree Early Learning Center PCS Lincoln,103,3073,1100054,Regular school,Regular School,www.appletreeinstitute.org,Yes,Open,NULL,Washington,20002,"138 12th Street, NE",NULL,20002,Y,Y,N,N,N,N,N,N,N,N,N,N,N,N,N,N,N,N,N,138 12TH STREET NE,400821.07000000,135963.23000000,38.89151343,-76.99053567,Ward 6,008100,20002,65489,100.00000000,DC Address,
2012-2013,AppleTree Early Learning Center PCS,AppleTree Early Learning Center PCS Parkland,103,3074,1100054,Regular school,Regular School,www.appletreeinstitute.org,Yes,Open,NULL,Washington,20020,"2017 Savannah Terrace, SE",NULL,20020,Y,Y,N,N,N,N,N,N,N,N,N,N,N,N,N,N,N,N,N,2017 SAVANNAH TERRACE SE,402177.09000000,131217.90000000,38.84876326,-76.97492010,Ward 8,007403,20020,278045,100.00000000,DC Address,
2012-2013,District of Columbia Public Schools,Malcolm X ES,1,308,1100030,Regular school,Regular School,www.dcps.dc.gov,No,Open,NULL,Washington,20032,1351 Alabama Ave  SE,NULL,20032,Y,Y,N,Y,Y,Y,Y,Y,Y,N,N,N,N,N,N,N,N,N,N,1351 ALABAMA AVENUE SE,401202.63000000,130797.63000000,38.84497916,-76.98614653,Ward 8,007304,20032,289201,100.00000000,DC Address,
2012-2013,District of Columbia Public Schools,Seaton ES,1,309,1100030,Regular school,Regular School,www.dcps.dc.gov,No,Open,NULL,Washington,20001,1503 10th St  NW,NULL,20001,Y,Y,N,Y,Y,Y,Y,Y,Y,N,N,N,N,N,N,N,N,N,N,1503 10TH STREET NW,397841.92000000,138084.32000000,38.91061870,-77.02488247,Ward 6,004901,20001,279203,100.00000000,DC Address,
2012-2013,District of Columbia Public Schools,Sharpe Health School,1,312,1100030,Special Education School,Special Education School,www.dcps.dc.gov,No,Open,NULL,Washington,20011,4300 13th St  NW,NULL,20011,N,Y,N,Y,Y,Y,Y,Y,Y,Y,Y,Y,N,N,N,N,Y,N,N,4300 13TH STREET NW,397358.67000000,141731.76000000,38.94347466,-77.03046833,Ward 4,002501,20011,255254,100.00000000,DC Address,
2012-2013,District of Columbia Public Schools,Shepherd ES,1,313,1100030,Regular school,Regular School,www.dcps.dc.gov,No,Open,NULL,Washington,20012,7800 14th St  NW,NULL,20012,Y,Y,N,Y,Y,Y,Y,Y,Y,N,N,N,N,N,N,N,N,N,N,7800 14TH STREET NW,397054.62000000,146297.53000000,38.98460328,-77.03399523,Ward 4,001600,20012,256319,100.00000000,DC Address,
2012-2013,District of Columbia Public Schools,Simon ES,1,315,1100030,Regular school,Regular School,www.dcps.dc.gov,No,Open,NULL,Washington,20032,401 Mississippi Ave  SE,NULL,20032,Y,Y,N,Y,Y,Y,Y,Y,Y,N,N,N,N,N,N,N,N,N,N,401 MISSISSIPPI AVENUE SE,399983.07000000,129798.63000000,38.83598054,-77.00019500,Ward 8,009804,20032,294481,100.00000000,DC Address,
2012-2013,District of Columbia Public Schools,Randle Highlands ES,1,316,1100030,Regular school,Regular School,www.dcps.dc.gov,No,Open,NULL,Washington,20020,1650 30th St  SE,NULL,20020,Y,Y,N,Y,Y,Y,Y,Y,Y,N,N,N,N,N,N,N,N,N,N,1650 30TH STREET SE,403093.17000000,133585.82000000,38.87009174,-76.96435628,Ward 7,007604,20020,156337,100.00000000,DC Address,
2012-2013,District of Columbia Public Schools,Stanton ES,1,319,1100030,Regular school,Regular School,www.dcps.dc.gov,No,Open,NULL,Washington,20020,2701 Naylor Rd  SE,NULL,20020,Y,Y,Y,Y,Y,Y,Y,Y,Y,N,N,N,N,N,N,N,N,N,N,2701 NAYLOR ROAD SE,402734.84000000,132384.63000000,38.85927211,-76.96849023,Ward 8,007502,20020,294547,100.00000000,DC Address,
2012-2013,District of Columbia Public Schools,Stoddert ES,1,321,1100030,Regular school,Regular School,www.dcps.dc.gov,No,Open,NULL,Washington,20007,4001 Calvert St  NW,NULL,20007,N,Y,N,Y,Y,Y,Y,Y,Y,N,N,N,N,N,N,N,N,N,N,4001 CALVERT STREET NW,393143.05000000,139466.38000000,38.92304465,-77.07907380,Ward 3,000702,20007,224730,100.00000000,DC Address,
2012-2013,District of Columbia Public Schools,Smothers ES,1,322,1100030,Regular school,Regular School,www.dcps.dc.gov,No,Open,NULL,Washington,20019,4400 Brooks St  NE,NULL,20019,Y,Y,N,Y,Y,Y,Y,Y,Y,N,N,N,N,N,N,N,N,N,N,4400 BROOKS STREET NE,405337.95000000,136191.51000000,38.89355404,-76.93846864,Ward 7,007803,20019,294596,100.00000000,DC Address,
2012-2013,District of Columbia Public Schools,Takoma EC,1,324,1100030,Vocational Shared Time,Vocational Shared Time,www.dcps.dc.gov,No,Open,NULL,Washington,20012,7010 Piney Branch Rd  NW,NULL,20012,Y,Y,Y,Y,Y,Y,Y,Y,Y,Y,Y,Y,N,N,N,N,N,N,N,7010 PINEY BRANCH ROAD NW,398024.76000000,145235.93000000,38.97504287,-77.02279493,Ward 4,010300,20012,250934,100.00000000,DC Address,
2012-2013,District of Columbia Public Schools,Thomas ES,1,325,1100030,Regular school,Regular School,www.dcps.dc.gov,No,Open,NULL,Washington,20019,650 Anacostia Ave  NE,NULL,20019,Y,Y,Y,Y,Y,Y,Y,Y,Y,N,N,N,N,N,N,N,N,N,N,650 ANACOSTIA AVENUE NE,404154.01000000,137048.33000000,38.90127897,-76.95211091,Ward 7,009602,20019,294493,100.00000000,DC Address,
2012-2013,District of Columbia Public Schools,Thomson ES,1,326,1100030,Regular school,Regular School,www.dcps.dc.gov,No,Open,NULL,Washington,20005,1200 L St  NW,NULL,20005,Y,Y,Y,Y,Y,Y,Y,Y,Y,N,N,N,N,N,N,N,N,N,N,1200 L STREET NW,397533.99000000,137293.77000000,38.90349634,-77.02843003,Ward 2,010100,20005,240922,100.00000000,DC Address,
2012-2013,District of Columbia Public Schools,Truesdell EC,1,327,1100030,Regular school,Regular School,www.dcps.dc.gov,No,Open,NULL,Washington,20011,800 Ingraham St  NW,NULL,20011,Y,Y,Y,Y,Y,Y,Y,Y,Y,Y,Y,Y,N,N,N,N,N,N,N,800 INGRAHAM STREET NW,397826.84000000,142896.55000000,38.95396869,-77.02507158,Ward 4,002101,20011,294497,100.00000000,DC Address,
2012-2013,District of Columbia Public Schools,Tubman ES,1,328,1100030,Regular school,Regular School,www.dcps.dc.gov,No,Open,NULL,Washington,20010,3101 13th St  NW,NULL,20010,Y,Y,Y,Y,Y,Y,Y,Y,Y,N,N,N,N,N,N,N,N,N,N,3101 13TH STREET NW,397447.02000000,140146.96000000,38.92919857,-77.02944330,Ward 1,003000,20010,294555,100.00000000,DC Address,
2012-2013,District of Columbia Public Schools,Turner ES,1,329,1100030,Regular school,Regular School,www.dcps.dc.gov,No,Open,NULL,Washington,20032,3264 Stanton Rd SE,NULL,20032,Y,Y,Y,Y,Y,Y,Y,Y,Y,N,N,N,N,N,N,N,N,N,N,3264 STANTON ROAD SE,401708.96000000,131092.70000000,38.84763644,-76.98031323,Ward 8,007404,20020,294561,100.00000000,DC Address,
2012-2013,District of Columbia Public Schools,Tyler ES,1,330,1100030,Regular school,Regular School,www.dcps.dc.gov,No,Open,NULL,Washington,20003,1001 G St  SE,NULL,20003,Y,Y,Y,Y,Y,Y,Y,Y,Y,N,N,N,N,N,N,N,N,N,N,1001 G STREET SE,400690.52000000,134805.51000000,38.88108436,-76.99204166,Ward 6,007000,20003,294505,100.00000000,DC Address,
2012-2013,District of Columbia Public Schools,Walker Jones EC,1,332,1100030,Regular school,Regular School,www.dcps.dc.gov,No,Open,NULL,Washington,20001,1125 New Jersey Ave NW,NULL,20001,Y,Y,Y,Y,Y,Y,Y,Y,Y,Y,Y,Y,N,N,N,N,N,N,N,1125 NEW JERSEY AVENUE NW,398792.97000000,137370.70000000,38.90419198,-77.01391569,Ward 6,004701,20001,307735,100.00000000,DC Address,
2012-2013,District of Columbia Public Schools,Watkins ES Capitol Hill Cluster,1,333,1100030,Regular school,Regular School,www.dcps.dc.gov,No,Open,NULL,Washington,20003,420 12th St  SE,NULL,20003,N,N,N,N,Y,Y,Y,Y,Y,N,N,N,N,N,N,N,N,N,N,420 12TH STREET SE,400867.92000000,135070.02000000,38.88346701,-76.98999677,Ward 6,006900,20003,294486,100.00000000,DC Address,
2012-2013,District of Columbia Public Schools,Wheatley EC,1,335,1100030,Regular school,Regular School,www.dcps.dc.gov,No,Open,NULL,Washington,20002,1299 Neal St NE,NULL,20002,Y,Y,Y,Y,Y,Y,Y,Y,Y,Y,Y,Y,N,N,N,N,N,N,Y,1299 NEAL STREET NE,400997.43000000,137362.43000000,38.90411774,-76.98850077,Ward 5,008802,20002,294512,100.00000000,DC Address,
2012-2013,District of Columbia Public Schools,West EC,1,336,1100030,Regular school,Regular School,www.dcps.dc.gov,No,Open,NULL,Washington,20011,1338 Farragut St  NW,NULL,20011,Y,Y,Y,Y,Y,Y,Y,Y,Y,Y,Y,Y,N,N,N,N,N,N,N,1338 FARRAGUT STREET NW,397204.26000000,142607.98000000,38.95136741,-77.03225306,Ward 4,002002,20011,294517,100.00000000,DC Address,
2012-2013,District of Columbia Public Schools,Whittier EC,1,338,1100030,Regular school,Regular School,www.dcps.dc.gov,No,Open,NULL,Washington,20011,6201 5th St  NW,NULL,20011,Y,Y,Y,Y,Y,Y,Y,Y,Y,Y,Y,Y,N,N,N,N,N,N,N,6201 5TH STREET NW,398332.71000000,144216.17000000,38.96585727,-77.01923860,Ward 4,001902,20011,294614,100.00000000,DC Address,
2012-2013,District of Columbia Public Schools,J O Wilson ES,1,339,1100030,Regular school,Regular School,www.dcps.dc.gov,No,Open,NULL,Washington,20002,660 K Street NE,NULL,20002,Y,Y,N,Y,Y,Y,Y,Y,Y,N,N,N,N,N,N,N,N,N,N,660 K STREET NE,400295.87000000,137211.43000000,38.90275800,-76.99658902,Ward 6,010600,20002,288841,100.00000000,DC Address,
2012-2013,District of Columbia Public Schools,Ferebee Hope ES,1,343,1100030,Regular school,Regular School,www.dcps.dc.gov,No,Open,NULL,Washington,20032,3999 8th St  SE,NULL,20032,Y,Y,N,Y,Y,Y,Y,Y,Y,N,N,N,N,N,N,N,N,N,N,3999 8TH STREET SE,400419.94000000,129394.95000000,38.83234390,-76.99516344,Ward 8,009801,20032,294588,100.00000000,DC Address,
2012-2013,District of Columbia Public Schools,"King, M L ES",1,344,1100030,Regular school,Regular School,www.dcps.dc.gov,No,Open,NULL,Washington,20032,3200 6th St  SE,NULL,20032,Y,Y,N,Y,Y,Y,Y,Y,Y,N,N,N,N,N,N,N,N,N,N,3200 6TH STREET SE,400152.88000000,130516.03000000,38.84244319,-76.99823899,Ward 8,009804,20032,294557,100.00000000,DC Address,
2012-2013,District of Columbia Public Schools,Brookland EC at Bunker Hill,1,346,1100030,Regular school,Regular School,www.dcps.dc.gov,No,Open,NULL,Washington,20017,1401 Michigan Ave  NE,NULL,20017,Y,Y,N,Y,Y,Y,Y,Y,Y,Y,Y,Y,N,N,N,N,N,N,N,1401 MICHIGAN AVENUE NE,401300.77000000,141569.11000000,38.94201247,-76.98499564,Ward 5,009503,20017,286131,100.00000000,DC Address,
2012-2013,District of Columbia Public Schools,Marshall ES,1,351,1100030,Regular school,Regular School,www.dcps.dc.gov,No,Open,NULL,Washington,20018,3100 Fort Lincoln Dr  NE,NULL,20018,Y,Y,N,Y,Y,Y,Y,Y,Y,N,N,N,N,N,N,N,N,N,N,3100 FORT LINCOLN DRIVE NE,403673.61000000,139937.34000000,38.92730628,-76.95763370,Ward 5,009000,20018,294553,100.00000000,DC Address,
2012-2013,District of Columbia Public Schools,M C Terrell /McGogney ES,1,353,1100030,Special Education school,Special Education school,www.dcps.dc.gov,No,Open,NULL,Washington,20032,3301 Wheeler Rd SE,NULL,20032,Y,Y,N,Y,Y,Y,Y,Y,Y,N,N,N,N,N,N,N,N,N,N,3301 WHEELER ROAD SE,400512.16000000,130413.48000000,38.84151923,-76.99410056,Ward 8,009804,20032,294563,100.00000000,DC Address,
2012-2013,District of Columbia Public Schools,Winston EC,1,355,1100030,Regular school,Regular School,www.dcps.dc.gov,No,Open,NULL,Washington,20020,3100 Erie St  SE,NULL,20020,Y,Y,Y,Y,Y,Y,Y,Y,Y,Y,Y,Y,N,N,N,N,N,N,N,3100 ERIE STREET SE,403226.53000000,132196.58000000,38.85757641,-76.96282605,Ward 7,007603,20020,294554,100.00000000,DC Address,
2012-2013,District of Columbia Public Schools,Capitol Hill Montessori School at Logan,1,360,1100030,Regular school,Regular School,www.dcps.dc.gov,No,Open,NULL,Washington,20002,215 G Street NE,NULL,20002,Y,Y,N,Y,Y,Y,Y,Y,Y,N,N,N,N,N,N,N,N,N,N,215 G STREET NE,399777.37000000,136742.12000000,38.89853031,-77.00256647,Ward 6,008301,20002,286687,100.00000000,DC Address,
2012-2013,District of Columbia Public Schools,Benjamin Banneker HS,1,402,1100030,Magnet School,Regular School,www.dcps.dc.gov,No,Open,NULL,Washington,20001,800 Euclid St  NW,NULL,20001,N,N,N,N,N,N,N,N,N,N,N,N,Y,Y,Y,Y,N,N,N,800 EUCLID STREET NW,397920.84000000,139551.17000000,38.92383276,-77.02397697,Ward 1,003500,20001,294496,100.00000000,DC Address,
2012-2013,District of Columbia Public Schools,Browne EC,1,404,1100030,Regular school,Regular School,www.dcps.dc.gov,No,Open,NULL,Washington,20002,850 26th St  NE,NULL,20010,Y,Y,N,Y,Y,Y,Y,Y,Y,Y,Y,Y,N,N,N,N,N,N,N,850 26TH STREET NE,402544.36000000,137194.17000000,38.90259888,-76.97066706,Ward 5,008904,20002,294501,100.00000000,DC Address,
2012-2013,District of Columbia Public Schools,Deal MS,1,405,1100030,Regular school,Regular School,www.dcps.dc.gov,No,Open,NULL,Washington,20016,3815 Fort Dr  NW,NULL,20016,N,N,N,N,N,N,N,N,N,Y,Y,Y,N,N,N,N,N,N,N,3815 FORT DRIVE NW,393481.78000000,142779.94000000,38.95289674,-77.07519907,Ward 3,001100,20016,277548,100.00000000,DC Address,
2012-2013,District of Columbia Public Schools,Eliot Hine MS,1,407,1100030,Regular school,Regular School,www.dcps.dc.gov,No,Open,NULL,Washington,20002,1830 Constitution Ave  NE,NULL,20002,N,N,N,N,N,N,N,N,N,Y,Y,Y,N,N,N,N,N,N,N,1830 CONSTITUTION AVENUE NE,401823.73000000,136065.31000000,38.89243149,-76.97897792,Ward 6,008002,20002,286499,100.00000000,DC Address,
2012-2013,District of Columbia Public Schools,Francis Stevens EC,1,409,1100030,Regular school,Regular School,www.dcps.dc.gov,No,Open,NULL,Washington,20037,2425 N St  NW,NULL,20037,Y,Y,N,Y,Y,Y,Y,Y,Y,Y,Y,Y,N,N,N,N,N,N,N,2425 N STREET NW,395461.95000000,137735.74000000,38.90746950,-77.05232100,Ward 2,005500,20037,294544,100.00000000,DC Address,
2012-2013,District of Columbia Public Schools,Hart MS,1,413,1100030,Regular school,Regular School,www.dcps.dc.gov,No,Open,NULL,Washington,20032,601 Mississippi Ave  SE,NULL,20032,N,N,N,N,N,N,N,N,N,Y,Y,Y,N,N,N,N,N,N,N,601 MISSISSIPPI AVENUE SE,400244.94000000,129993.71000000,38.83773787,-76.99717875,Ward 8,009804,20032,5534,100.00000000,DC Address,
2012-2013,District of Columbia Public Schools,Jefferson MS,1,415,1100030,Regular school,Regular School,www.dcps.dc.gov,No,Open,NULL,Washington,20024,801 7th St  SW,NULL,20024,N,N,N,N,N,N,N,N,N,N,N,Y,N,N,N,N,N,N,N,801 7TH STREET SW,398012.08000000,134671.03000000,38.87987093,-77.02291066,Ward 6,010200,20024,276812,100.00000000,DC Address,
2012-2013,District of Columbia Public Schools,Johnson  John Hayden MS,1,416,1100030,Regular school,Regular School,www.dcps.dc.gov,No,Open,NULL,Washington,20020,1400 Bruce Pl  SE,NULL,20020,N,N,N,N,N,N,N,N,N,Y,Y,Y,N,N,N,N,N,N,N,1400 BRUCE PLACE SE,401414.57000000,131503.42000000,38.85133691,-76.98370368,Ward 8,007404,20020,294520,100.00000000,DC Address,
2012-2013,District of Columbia Public Schools,Kramer MS,1,417,1100030,Regular school,Regular School,www.dcps.dc.gov,No,Open,NULL,Washington,20020,1700 Q St  SE,NULL,20020,N,N,N,N,N,N,N,N,N,Y,Y,Y,N,N,N,N,N,N,N,1700 Q STREET SE,401720.71000000,133718.02000000,38.87128640,-76.98017130,Ward 8,007601,20020,289467,100.00000000,DC Address,
2012-2013,District of Columbia Public Schools,MacFarland MS,1,420,1100030,Regular school,Regular School,www.dcps.dc.gov,No,Open,NULL,Washington,20011,4400 Iowa Ave  NW,NULL,20011,N,N,N,N,N,N,N,N,N,Y,Y,Y,N,N,N,N,N,N,N,4400 IOWA AVENUE NW,397592.04000000,141746.55000000,38.94360856,-77.02777641,Ward 4,002501,20011,294595,100.00000000,DC Address,
2012-2013,District of Columbia Public Schools,Kelly Miller MS,1,421,1100030,Regular school,Regular School,www.dcps.dc.gov,No,Open,NULL,Washington,20019,301 49th St  NE,NULL,20019,N,N,N,N,N,N,N,N,N,Y,Y,Y,N,N,N,N,N,N,N,301 49TH STREET NE,405859.65000000,136165.39000000,38.89331541,-76.93245515,Ward 7,007804,20019,294476,100.00000000,DC Address,
2012-2013,District of Columbia Public Schools,Ron Brown MS,1,425,1100030,Regular school,Regular School,www.dcps.dc.gov,No,Open,NULL,Washington,20019,4800 Meade St  NE,NULL,20019,N,N,N,N,N,N,N,N,N,Y,Y,Y,N,N,N,N,N,N,N,4800 MEADE STREET NE,405836.91000000,137635.93000000,38.90656271,-76.93270478,Ward 7,007806,20019,294601,100.00000000,DC Address,
2012-2013,District of Columbia Public Schools,Sousa MS,1,427,1100030,Regular school,Regular School,www.dcps.dc.gov,No,Open,NULL,Washington,20019,3650 Ely Pl SE,NULL,20019,N,N,N,N,N,N,N,N,N,Y,Y,Y,N,N,N,N,N,N,N,3650 ELY PLACE SE,404064.10000000,135118.46000000,38.88389441,-76.95315884,Ward 7,007703,20019,294584,100.00000000,DC Address,
2012-2013,District of Columbia Public Schools,Stuart Hobson MS (Capitol Hill Cluster),1,428,1100030,Regular school,Regular School,www.dcps.dc.gov,No,Open,NULL,Washington,20002,410 E St  NE,NULL,20002,N,N,N,N,N,N,N,N,N,Y,Y,Y,N,N,N,N,N,N,N,410 E STREET NE,399999.62000000,136494.28000000,38.89629770,-77.00000438,Ward 6,008301,20002,294483,100.00000000,DC Address,
2012-2013,District of Columbia Public Schools,Shaw MS at Garnet Patterson,1,432,1100030,Regular school,Regular School,www.dcps.dc.gov,No,Open,NULL,Washington,20001,2001 10th St  NW,NULL,20001,N,N,N,N,N,N,N,N,N,Y,Y,Y,N,N,N,N,N,N,N,2001 10TH STREET NW,397767.00000000,138853.23000000,38.91754511,-77.02574879,Ward 1,004400,20001,294533,100.00000000,DC Address,
2012-2013,District of Columbia Public Schools,Jefferson Middle School Academy,1,433,1100030,Regular school,Regular School,www.dcps.dc.gov,No,Open,NULL,Washington,20024,801 7th St SW,NULL,20024,N,N,N,N,N,N,N,N,N,Y,Y,N,N,N,N,N,N,N,N,801 7TH STREET SW,398012.08000000,134671.03000000,38.87987093,-77.02291066,Ward 6,010200,20024,276812,100.00000000,DC Address,
2012-2013,District of Columbia Public Schools,Columbia Heights EC,1,442,1100030,Magnet School,Regular School,www.dcps.dc.gov,No,Open,NULL,Washington,20010,3101 16th St  NW,NULL,20010,N,N,N,N,N,N,N,N,N,Y,Y,Y,Y,Y,Y,Y,Y,N,N,3101 16TH STREET NW,396890.80000000,140185.59000000,38.92954477,-77.03585831,Ward 1,002802,20010,234375,100.00000000,DC Address,
2012-2013,District of Columbia Public Schools,Anacostia HS,1,450,1100030,Regular school,Regular School,www.dcps.dc.gov,No,Open,NULL,Washington,20020,1601 16th St  SE,NULL,20020,N,N,N,N,N,N,N,N,N,N,N,N,Y,Y,Y,Y,Y,N,N,1601 16TH STREET SE,401468.56000000,133584.50000000,38.87008406,-76.98307725,Ward 8,007601,20020,155922,100.00000000,DC Address,
2012-2013,District of Columbia Public Schools,Ballou HS,1,452,1100030,Vocational Shared Time,Regular School,www.dcps.dc.gov,No,Open,NULL,Washington,20032,3401 4th St  SE,NULL,20032,N,N,N,N,N,N,N,N,N,N,N,N,Y,Y,Y,Y,Y,N,N,3401 4TH STREET SE,399915.33000000,130176.29000000,38.83938266,-77.00097526,Ward 8,009803,20032,294567,100.00000000,DC Address,
2012-2013,District of Columbia Public Schools,Cardozo HS at Meyer,1,454,1100030,Vocational Shared Time,Regular School,www.dcps.dc.gov,No,Open,NULL,Washington,20009,2501 11th Street NW,NULL,20009,N,N,N,N,N,N,N,N,N,N,N,N,Y,Y,Y,Y,Y,N,N,2501 11TH STREET NW,397694.00000000,139439.50000000,38.92282623,-77.02659252,Ward 1,003500,20001,242979,100.00000000,DC Address,
2012-2013,District of Columbia Public Schools,Coolidge HS,1,455,1100030,Vocational Shared Time,Regular School,www.dcps.dc.gov,No,Open,NULL,Washington,20011,6315 5th St  NW,NULL,20011,N,N,N,N,N,N,N,N,N,N,N,N,Y,Y,Y,Y,Y,N,N,6315 5TH STREET NW,398303.30000000,144374.62000000,38.96728457,-77.01957835,Ward 4,001902,20011,294615,100.00000000,DC Address,
2012-2013,District of Columbia Public Schools,Roosevelt STAY,1,456,1100030,Vocational Shared Time,Regular School,www.dcps.dc.gov,No,Open,NULL,Washington,20011,4301 13th St  NW,NULL,20011,N,N,N,N,N,N,N,N,N,N,N,N,N,N,N,N,N,N,Y,4301 13TH STREET NW,397468.88000000,141682.30000000,38.94302943,-77.02919685,Ward 4,002501,20011,252605,100.00000000,DC Address,
2012-2013,District of Columbia Public Schools,Eastern HS,1,457,1100030,Vocational Shared Time,Regular School,www.dcps.dc.gov,No,Open,NULL,Washington,20003,1700 East Capitol St  NE,NULL,20003,N,N,N,N,N,N,N,N,N,N,N,N,Y,Y,N,N,Y,N,N,1700 EAST CAPITOL STREET NE,401762.50000000,135840.08000000,38.89040266,-76.97968429,Ward 6,008002,20003,289529,100.00000000,DC Address,
2012-2013,District of Columbia Public Schools,McKinley Technology HS,1,458,1100030,Magnet School,Regular School,www.dcps.dc.gov,No,Open,NULL,Washington,20002,151 T St  NE,NULL,20002,N,N,N,N,N,N,N,N,N,N,N,N,Y,Y,Y,Y,N,N,N,151 T STREET NE,399642.48000000,138594.83000000,38.91522012,-77.00412244,Ward 5,008701,20002,296345,100.00000000,DC Address,
2012-2013,District of Columbia Public Schools,Roosevelt HS,1,459,1100030,Vocational Shared Time,Regular School,www.dcps.dc.gov,No,Open,NULL,Washington,20011,4301 13th St  NW,NULL,20011,N,N,N,N,N,N,N,N,N,N,N,N,Y,Y,Y,Y,Y,N,N,4301 13TH STREET NW,397468.88000000,141682.30000000,38.94302943,-77.02919685,Ward 4,002501,20011,252605,100.00000000,DC Address,
2012-2013,District of Columbia Public Schools,Spingarn HS,1,460,1100030,Vocational Shared Time,Regular School,www.dcps.dc.gov,No,Open,NULL,Washington,20002,2500 Benning Rd  NE,NULL,20002,N,N,N,N,N,N,N,N,N,N,N,N,Y,Y,Y,Y,Y,N,N,2500 BENNING ROAD NE,402516.70000000,136805.15000000,38.89909453,-76.97098736,Ward 5,008904,20002,294545,100.00000000,DC Address,
2012-2013,District of Columbia Public Schools,Spingarn STAY,1,461,1100030,Vocational Shared Time,Regular School,www.dcps.dc.gov,No,Open,NULL,Washington,20002,2500 Benning Rd  NE,NULL,20002,N,N,N,N,N,N,N,N,N,N,N,N,N,N,N,Y,N,N,Y,2500 BENNING ROAD NE,402516.70000000,136805.15000000,38.89909453,-76.97098736,Ward 5,008904,20002,294545,100.00000000,DC Address,
2012-2013,District of Columbia Public Schools,Ballou STAY,1,462,1100030,Alternative Education School,Alternative Education School,www.dcps.dc.gov,No,Open,NULL,Washington,20032,3401 4th St  SE,NULL,20032,N,N,N,N,N,N,N,N,N,N,N,N,N,N,N,N,N,N,Y,3401 4TH STREET SE,399915.33000000,130176.29000000,38.83938266,-77.00097526,Ward 8,009803,20032,294567,100.00000000,DC Address,
2012-2013,District of Columbia Public Schools,Wilson HS,1,463,1100030,Vocational Shared Time,Regular School,www.dcps.dc.gov,No,Open,NULL,Washington,20008,3950 Chesapeake St NW,NULL,20008,N,N,N,N,N,N,N,N,N,N,N,N,Y,Y,Y,Y,Y,N,N,3950 CHESAPEAKE STREET NW,393258.18000000,142475.96000000,38.95015672,-77.07777570,Ward 3,001100,20016,294587,100.00000000,DC Address,
2012-2013,District of Columbia Public Schools,Woodson H D HS,1,464,1100030,Vocational Shared Time,Regular School,www.dcps.dc.gov,No,Open,NULL,Washington,20019,540 55th St. NE,NULL,20019,N,N,N,N,N,N,N,N,N,N,N,N,N,Y,Y,Y,Y,N,N,540 55TH STREET NE,406737.85000000,136551.42000000,38.89678662,-76.92232826,Ward 7,007807,20019,309633,100.00000000,DC Address,
2012-2013,District of Columbia Public Schools,Tuition Grant DCPS Non Public,1,465,1100030,Regular school,Regular School,www.dcps.dc.gov,No,Open,NULL,Washington,20002,1200 First St NE,NULL,20002,Y,Y,N,Y,Y,Y,Y,Y,Y,Y,Y,Y,Y,Y,Y,Y,Y,N,Y,1200 1ST STREET NE,399448.73000000,137581.05000000,38.90608754,-77.00635569,Ward 6,010600,20002,302635,100.00000000,DC Address,
2012-2013,District of Columbia Public Schools,School Without Walls SHS,1,466,1100030,Magnet School,Regular School,www.dcps.dc.gov,No,Open,NULL,Washington,20037,2130 G St  NW,NULL,20037,N,N,N,N,N,N,N,N,N,N,N,N,Y,Y,Y,Y,Y,N,N,2130 G STREET NW,395820.01000000,136698.13000000,38.89812412,-77.04818647,Ward 2,010800,20037,242528,100.00000000,DC Address,
2012-2013,District of Columbia Public Schools,Dunbar HS,1,467,1100030,Regular school,Regular School,www.dcps.dc.gov,No,Open,NULL,Washington,20001,1301 New Jersey Ave  NW,NULL,20001,N,N,N,N,N,N,N,N,N,N,N,N,Y,Y,Y,Y,Y,N,N,1301 NEW JERSEY AVENUE NW,398725.55000000,137851.55000000,38.90852355,-77.01469386,Ward 5,004600,20001,279021,100.00000000,DC Address,
2012-2013,District of Columbia Public Schools,Ellington School of the Arts,1,471,1100030,Magnet School,Regular School,www.dcps.dc.gov,No,Open,NULL,Washington,20007,3500 R St  NW,NULL,20007,N,N,N,N,N,N,N,N,N,N,N,N,Y,Y,Y,Y,Y,N,N,3500 R STREET NW,393902.40000000,138400.27000000,38.91344638,-77.07030757,Ward 2,000300,20007,294569,100.00000000,DC Address,
2012-2013,District of Columbia Public Schools,Residential Schools,1,472,1100030,Regular school,Regular School,www.dcps.dc.gov,No,Open,NULL,Washington,20002,1200 First St NE,NULL,20002,N,N,N,N,N,N,N,N,N,N,N,N,N,N,N,N,Y,N,N,1200 1ST STREET NE,399448.73000000,137581.05000000,38.90608754,-77.00635569,Ward 6,010600,20002,302635,100.00000000,DC Address,
2012-2013,District of Columbia Public Schools,Washington Metropolitan HS,1,474,1100030,Regular school,Regular School,www.dcps.dc.gov,No,Open,NULL,Washington,20001,300 Bryant St NW,NULL,20001,N,N,N,N,N,N,N,N,N,N,N,N,Y,Y,Y,Y,N,N,N,300 BRYANT STREET NW,398648.83000000,139173.33000000,38.92043047,-77.01558101,Ward 1,003400,20001,294475,100.00000000,DC Address,
2012-2013,District of Columbia Public Schools,Phelps Architecture Construction and Engineering HS,1,478,1100030,Magnet School/Vocational Shared Time,Regular School,www.dcps.dc.gov,No,Open,NULL,Washington,20003,704 26th Street NE,NULL,20002,N,N,N,N,N,N,N,N,N,N,N,N,Y,Y,Y,Y,N,N,N,704 26TH STREET NE,402437.64000000,137126.77000000,38.90199202,-76.97189763,Ward 5,008904,20002,294495,100.00000000,DC Address,
2012-2013,District of Columbia Public Schools,"Incarcerated Youth Program, Correctional",1,480,1100030,Alternative Education School,Alternative Education School,www.dcps.dc.gov,No,Open,NULL,Washington,20003,1901 D Street SE,NULL,20003,N,N,N,N,N,N,N,N,N,N,N,N,Y,Y,Y,Y,Y,N,Y,1901 D STREET SE,402049.46000000,135066.23000000,38.88343091,-76.97637892,Ward 7,006804,20003,295133,100.00000000,DC Address,
2012-2013,District of Columbia Public Schools,Prospect LC,1,486,1100030,Special Education School,Special Education School,www.dcps.dc.gov,No,Open,NULL,Washington,20002,920 F St  NE,NULL,20002,N,Y,N,Y,Y,Y,Y,Y,Y,Y,Y,Y,N,N,N,N,N,N,N,920 F STREET NE,400591.35000000,136634.98000000,38.89756498,-76.99318304,Ward 6,008402,20002,289072,100.00000000,DC Address,
2012-2013,DYRS,Maya Angelou Academy at New Beginnings (formerly Oak Hill),4002,860,1100087,Vocational Shared Time/Other/alternative school,Other/alternative school,www.dyrs.dc.gov,No,Open,NULL,Laurel,20724,3201 Oak Hill Drive,NULL,20724,N,N,N,N,N,N,N,N,N,N,N,N,Y,Y,Y,Y,N,N,N,,,,,,,,,,,,
2012-2013,District of Columbia Public Schools,Youth Services Center,1,861,1100030,Alternative Education School,Alternative Education School,www.dcps.dc.gov,No,Open,NULL,Washington,20003,1000 Mt  Olivet Rd  NE,NULL,20003,N,N,N,N,N,N,N,N,N,Y,Y,Y,Y,Y,Y,Y,N,N,Y,1000 MOUNT OLIVET ROAD NE,400989.94000000,138252.92000000,38.91213959,-76.98858584,Ward 5,008803,20002,290013,100.00000000,DC Address,
2012-2013,District of Columbia Public Schools,Luke Moore Alternative HS,1,884,1100030,Vocational Shared Time,Regular School,www.dcps.dc.gov,No,Open,NULL,Washington,20017,1001 Monroe St  NE,NULL,20017,N,N,N,N,N,N,N,N,N,N,N,N,Y,Y,Y,Y,N,N,N,1001 MONROE STREET NE,400666.21000000,140488.24000000,38.93227638,-76.99231633,Ward 5,009301,20017,294504,100.00000000,DC Address,
2012-2013,District of Columbia Public Schools,CHOICE Academy MS/SHS,1,947,1100030,Alternative Education School,Alternative Education School,www.dcps.dc.gov,No,Open,NULL,Washington,20002,1401 Brentwood Pkwy NE,NULL,20002,N,N,N,N,N,N,N,N,N,Y,N,Y,Y,Y,Y,N,N,N,N,1401 BRENTWOOD PARKWAY NE,400520.69000000,137952.79000000,38.90943632,-76.99399659,Ward 5,008803,20002,294521,100.00000000,DC Address,
2012-2013,KIPP DC PCS,KIPP DC LEAD Academy,129,190,1100031,Regular school,Regular School,www.kippdc.org,Yes,New,NULL,Washington,20001,421 P St NW,NULL,20001,N,N,N,N,Y,N,N,N,N,N,N,N,N,N,N,N,N,N,N,421 P STREET NW,398428.65000000,138002.89000000,38.90988639,-77.01811734,Ward 6,004801,20001,294487,100.00000000,DC Address,
2012-2013,Maya Angelou PCS,Maya Angelou Young Adult Learning Center,133,137,1100014,Adult Education,Other/alternative school,www.seeforever.org,No,New,NULL,Washington,20019,5600 E Capitol St NE,NULL,20019,N,N,N,N,N,N,N,N,N,N,N,N,N,N,N,N,N,N,Y,5600 EAST CAPITOL STREET NE,406885.34000000,135830.53000000,38.89029144,-76.92063526,Ward 7,007808,20019,289793,100.00000000,DC Address,
2012-2013,Cesar Chavez PCS,Cesar Chavez PCS Parkside Upper,109,109,1100005,Regular School,Regular School,www.chavezschools.org,Yes,New,NULL,Washington,20019,3701 Hayes St  NE,NULL,20019,N,N,N,N,N,N,N,N,N,N,N,N,Y,Y,Y,Y,N,N,N,3701 HAYES STREET NE,404418.20000000,137066.13000000,38.90143803,-76.94906511,Ward 7,009602,20019,304053,100.00000000,DC Address,
2012-2013,Capital City PCS,Capital City Middle School,108,182,NULL,Regular school,Regular School,www.ccpcs.org,Yes,New,NULL,Washington,20011,100 Peabody St NW,NULL,20011,N,N,N,N,N,N,N,N,Y,Y,Y,Y,N,N,N,N,N,N,N,100 PEABODY STREET NW,398884.80000000,143806.18000000,38.96216486,-77.01286745,Ward 4,001902,20011,277545,100.00000000,DC Address,
2012-2013,Ingenuity Preparatory PCS,Ingenuity Preparatory,173,200,1100090,Regular school,Regular School,http://www.ingenuityprep.org/,Yes,Future School,NULL,Washington,20032,"3333 14th Street, NW",Suite 210,20010,Y,Y,N,Y,N,N,N,N,N,N,N,N,N,N,N,N,N,N,N,3333 14TH STREET NW,397187.18000000,140338.09000000,38.93091953,-77.03244079,Ward 1,002900,20010,299650,100.00000000,DC Address,
2012-2013,Sela PCS,Sela PCS,174,197,1100088,Regular school,Regular School,http://www.selapcs.org,Yes,Future School,NULL,Washington,20010,"3333 14th Street, NW",Suite 210,20010,N,N,N,N,N,N,N,N,N,N,N,N,N,N,N,N,N,N,N,3333 14TH STREET NW,397187.18000000,140338.09000000,38.93091953,-77.03244079,Ward 1,002900,20010,299650,100.00000000,DC Address,
2012-2013,Somerset PCS,Somerset PCS,175,187,1100089,Regular school,Regular School,dcpublic@dcpcsb.org,Yes,Future School,Suite 210,Washington,20010,"3333 14th Street, NW",Suite 210,20010,N,N,N,N,N,N,N,N,N,N,N,N,N,N,N,N,N,N,N,3333 14TH STREET NW,397187.18000000,140338.09000000,38.93091953,-77.03244079,Ward 1,002900,20010,299650,100.00000000,DC Address,
2012-2013,District of Columbia Public Schools,Early S.T.A.G.E.S. at Walker Jones EC,1,6000,NULL,Program-Non Reportable,Program-Non Reportable,http://www.earlystagesdc.org/,No,Open,NULL,Washington,20001,"1125 New Jersey Avenue, NW",NULL,20001,NULL,NULL,NULL,NULL,NULL,NULL,NULL,NULL,NULL,NULL,NULL,NULL,NULL,NULL,NULL,NULL,NULL,NULL,NULL,1125 NEW JERSEY AVENUE NW,398792.97000000,137370.70000000,38.90419198,-77.01391569,Ward 6,004701,20001,307735,100.00000000,DC Address,
2012-2013,District of Columbia Public Schools,Private/Religious School Enrollment (PRO),1,7000,NULL,Program-Non Reportable,Program-Non Reportable,http://www.dcps.dc.gov,NULL,Open,NULL,Washington,20002,1200 First St NE,NULL,20002,NULL,NULL,NULL,NULL,NULL,NULL,NULL,NULL,NULL,NULL,NULL,NULL,NULL,NULL,NULL,NULL,NULL,NULL,NULL,1200 1ST STREET NE,399448.73000000,137581.05000000,38.90608754,-77.00635569,Ward 6,010600,20002,302635,100.00000000,DC Address,
2012-2013,District of Columbia Public Schools,School Within School at Logan Annex,1,175,1100030,Program-Non Reportable,Program-Non Reportable,http://www.dcps.dc.gov,No,Open,NULL,Washington,20002,215 G St NE,NULL,20002,NULL,Y,NULL,Y,N,N,N,N,N,N,N,N,N,N,N,N,N,N,N,215 G STREET NE,399777.37000000,136742.12000000,38.89853031,-77.00256647,Ward 6,008301,20002,286687,100.00000000,DC Address,
2012-2013,District of Columbia Public Schools,Pre-Engineering SWSC at Dunbar,1,940,1100030,Program-Non Reportable,Program-Non Reportable,http://www.dcps.dc.gov,No,Open,NULL,Washington,20001,1301 NEW JERSEY AVE NW,NULL,20001,N,N,N,N,N,N,N,N,N,N,N,N,Y,Y,Y,Y,N,N,N,1301 NEW JERSEY AVENUE NW,398725.55000000,137851.55000000,38.90852355,-77.01469386,Ward 5,004600,20001,279021,100.00000000,DC Address,
2012-2013,District of Columbia Public Schools,LaShawn - DCPS Non Public,1,948,1100030,NULL,Other/alternative school,http://www.dcps.dc.gov,No,Open,NULL,Washington,20002,825 N. Capitol St NE,NULL,20002,N,N,N,Y,Y,Y,Y,Y,Y,Y,Y,Y,Y,Y,Y,Y,N,N,N,825 NORTH CAPITOL STREET NE,399267.37000000,137018.38000000,38.90101868,-77.00844602,Ward 6,010600,20002,289003,100.00000000,DC Address,
2012-2013,District of Columbia Public Schools,Oyster Adams  Bilingual School (Adams),1,201,1100030,Regular school,Regular School,http://www.dcps.dc.gov,No,Open,NULL,Washington,20008,2020 19th St. NW,NULL,20008,N,N,N,N,N,N,N,Y,Y,Y,Y,Y,N,N,N,N,N,N,N,2020 19TH STREET NW,396151.48000000,138827.70000000,38.91730954,-77.04437725,Ward 1,004002,20009,294534,100.00000000,DC Address,
2012-2013,District of Columbia Public Schools,Child & Family Services- Regular Ed,1,958,1100030,NULL,Regular School,http://www.dcps.dc.gov,No,Open,NULL,Washington,20002,1200 First Street NE,NULL,20002,NULL,Y,NULL,Y,Y,Y,Y,Y,Y,Y,Y,Y,Y,Y,Y,Y,N,N,N,1200 1ST STREET NE,399448.73000000,137581.05000000,38.90608754,-77.00635569,Ward 6,010600,20002,302635,100.00000000,DC Address,
2012-2013,KIPP DC PCS,KIPP DC Connect Academy,129,209,1100031,Regular school,Regular School,www.kippdc.org,Yes,Future School,NULL,Washington,20002,1375 Mt Olivet Road NE,NULL,20002,Y,Y,N,N,N,N,N,N,N,N,N,N,N,N,N,N,N,N,N,1375 MOUNT OLIVET ROAD NE,401636.15000000,137801.71000000,38.90807397,-76.98113601,Ward 5,008804,20002,286108,100.00000000,DC Address,
2012-2013,KIPP DC PCS,KIPP DC Spring Academy,129,214,1100031,Regular school,Regular School,www.kippdc.org,Yes,Future School,NULL,Washington,20002,1375 Mt Olivet Road NE,NULL,20002,N,N,N,Y,N,N,N,N,N,N,N,N,N,N,N,N,N,N,N,1375 MOUNT OLIVET ROAD NE,401636.15000000,137801.71000000,38.90807397,-76.98113601,Ward 5,008804,20002,286108,100.00000000,DC Address,
2012-2013,Community College Preparatory Academy PCS,Community College Preparatory Academy PCS,176,216,1100092,Regular School,Regular School,www.ccprepacademy.com,Yes,Future School,NULL,Washington,20032,2501 Martin Luther King Jr Ave SE,NULL,20032,N,N,N,N,N,N,N,N,N,N,N,N,N,N,N,N,N,N,Y,2501 MARTIN LUTHER KING JR AVENUE SE,400403.19000000,132438.56000000,38.85976209,-76.99535457,Ward 8,007401,20020,278172,100.00000000,DC Address,